LKP_TABLE_NAME,RUN_FileToAPP,RUN_SAPtoFile,RUN_SAPtoAPP_Delta
LKP_1ST_STORE_UNIT_TYPE,Y,Y,Y
LKP_ABC_INDIC_TECH_OBJ,Y,Y,Y
LKP_ABC_INDICATOR,Y,Y,Y
LKP_ACADEMIC_TITLE,Y,Y,Y
LKP_ACCOUNT_ASSIGNMENT_GROUP,Y,Y,Y
LKP_ACCOUNTING_CLERKS,Y,Y,Y
LKP_ACCOUNTING_INDICATORS,Y,Y,Y
LKP_ACCT_ASGNMT_GRP_MATERIAL,Y,Y,Y
LKP_ACCT_ASSGT_CATEGORIES,Y,Y,Y
LKP_ACTION_CONTROL,Y,Y,Y
LKP_ACTIVITY_CODE_GROSS_INCOME,Y,Y,Y
LKP_ACTIVITY_CODE_SOC_INS,Y,Y,Y
LKP_ACTIVITY_PROFILE,Y,Y,Y
LKP_ACTIVITY_TYPE,Y,Y,Y
LKP_ADDRESS_VERSION,Y,Y,Y
LKP_AGREEMENTS,Y,Y,Y
LKP_ALLOCATION_COST_ELEMENT,Y,Y,Y
LKP_APPLICATION,Y,Y,Y
LKP_AR_PLEDGING_IND,Y,Y,Y
LKP_ASSET_CLASS,Y,Y,Y
LKP_ASSET_MASTER_REC_SEGMENT,Y,Y,Y
LKP_ASSIGN_GROUP_CODE,Y,Y,Y
LKP_ASSIGNMENT_TABLE,Y,Y,Y
LKP_ASSIGNMENT_TEST_GROUP,Y,Y,Y
LKP_ATTRIBUTE_1,Y,Y,Y
LKP_ATTRIBUTE_10,Y,Y,Y
LKP_ATTRIBUTE_2,Y,Y,Y
LKP_ATTRIBUTE_3,Y,Y,Y
LKP_ATTRIBUTE_4,Y,Y,Y
LKP_ATTRIBUTE_5,Y,Y,Y
LKP_ATTRIBUTE_6,Y,Y,Y
LKP_ATTRIBUTE_7,Y,Y,Y
LKP_ATTRIBUTE_8,Y,Y,Y
LKP_ATTRIBUTE_9,Y,Y,Y
LKP_AUTH_GRP_BASIC_DATA,Y,Y,Y
LKP_AVAILABILITY_CHECK_CONTROL,Y,Y,Y
LKP_BANK_MASTER_RECORD,Y,Y,Y
LKP_BATCHES,Y,Y,Y
LKP_BATCHES_PLANT,Y,Y,Y
LKP_BILLING_DOCUMENT_TYPES,Y,Y,Y
LKP_BILLING_REASONS_BLOCKING,Y,Y,Y
LKP_BLK_REASONS_DUNN_NOTICES,Y,Y,Y
LKP_BLK_REASONS_PAYMENT,Y,Y,Y
LKP_BLOCK_FUNCTION,Y,Y,Y
LKP_BOM_EXPLOSION_NUMBER,Y,Y,Y
LKP_BOM_STATUS,Y,Y,Y
LKP_BOM_USAGE,Y,Y,Y
LKP_BUDGET_PERIOD,Y,Y,Y
LKP_BUDGET_PLAN_PROFILE,Y,Y,Y
LKP_BUILDING_NUMBER,Y,Y,Y
LKP_BULK_STORAGE_INDICATORS,Y,Y,Y
LKP_BUS_TRANSACT_TYPE,Y,Y,Y
LKP_BUSINESS_AREAS,Y,Y,Y
LKP_BUSINESS_ENTITIES,Y,Y,Y
LKP_BUSINESS_PLACE,Y,Y,Y
LKP_CAP_INVEST_PROFILE,Y,Y,Y
LKP_CAPACITY_CATEGORY,Y,Y,Y
LKP_CAPACITY_PLANNER_GROUP,Y,Y,Y
LKP_CATALOG_PROFILE,Y,Y,Y
LKP_CATALOG_TYPE_OF_ASSIGN,Y,Y,Y
LKP_CERTIFICATE_CATEGORIES,Y,Y,Y
LKP_CERTIFICATE_TYPE,Y,Y,Y
LKP_CFOP_CODE_AND_EXTENSION,Y,Y,Y
LKP_CHANGE_NUMBER,Y,Y,Y
LKP_CHAR_NAME,Y,Y,Y
LKP_CHARACTERISTIC_STATUS,Y,Y,Y
LKP_CHARACTERISTICS_GROUPS,Y,Y,Y
LKP_CHECK_TAB_REL_ORDERS_USAGE,Y,Y,Y
LKP_CHECK_TABLE_BASIC_MATERIAL,Y,Y,Y
LKP_CHECK_TABLE_LABEL_SHAPE,Y,Y,Y
LKP_CHECK_TABLE_LABEL_TYPE,Y,Y,Y
LKP_CHECK_TABLE_PROCURE_RULE,Y,Y,Y
LKP_CHECK_TABLE_RA_KEY,Y,Y,Y
LKP_CHECK_TABLE_SEASON_IND,Y,Y,Y
LKP_CIM_RESOURCE_ENTITIES,Y,Y,Y
LKP_CITY,Y,Y,Y
LKP_CITY_NUMBER,Y,Y,Y
LKP_CLASS_GROUPS,Y,Y,Y
LKP_CLASS_NAME,Y,Y,Y
LKP_CLASS_STATUS,Y,Y,Y
LKP_CLASS_TYPE,Y,Y,Y
LKP_CO_ABC_ACTIVITY_MASTER,Y,Y,Y
LKP_CO_VERSIONS,Y,Y,Y
LKP_COMMISSION_GROUPS,Y,Y,Y
LKP_COMMODITY_CODE,Y,Y,Y
LKP_COMPANY_CODE,Y,Y,Y
LKP_COMPLIANCE_W_SHIPPING_INS,Y,Y,Y
LKP_COND_TYPE,Y,Y,Y
LKP_CONDITIONS_APPLICATIONS,Y,Y,Y
LKP_CONDITIONS_EXCLUSION_IND,Y,Y,Y
LKP_CONFIRMATION_CONTROL_KEY,Y,Y,Y
LKP_CONT_PERSON_BUYING_HABITS,Y,Y,Y
LKP_CONT_PERSON_CALL_FREQUENCY,Y,Y,Y
LKP_CONTACT_PERSON_ATTR_10,Y,Y,Y
LKP_CONTACT_PERSON_ATTRIBUTE_2,Y,Y,Y
LKP_CONTACT_PERSON_ATTRIBUTE_3,Y,Y,Y
LKP_CONTACT_PERSON_ATTRIBUTE_4,Y,Y,Y
LKP_CONTACT_PERSON_ATTRIBUTE_5,Y,Y,Y
LKP_CONTACT_PERSON_ATTRIBUTE_6,Y,Y,Y
LKP_CONTACT_PERSON_ATTRIBUTE_7,Y,Y,Y
LKP_CONTACT_PERSON_ATTRIBUTE_8,Y,Y,Y
LKP_CONTACT_PERSON_ATTRIBUTE_9,Y,Y,Y
LKP_CONTACT_PERSON_AUTHORITY,Y,Y,Y
LKP_CONTACT_PERSON_HOBBIES,Y,Y,Y
LKP_CONTACT_PERSON_VIP_IND,Y,Y,Y
LKP_CONTACT_PERSONS_FUNCTIONS,Y,Y,Y
LKP_CONTACT_PERSONS_STD_DEPT,Y,Y,Y
LKP_CONTAINER_REQMTS_STORE_MAT,Y,Y,Y
LKP_CONTAINER_REQUIREMENTS,Y,Y,Y
LKP_CONTROL_KEY,Y,Y,Y
LKP_CONTROLLING_AREA,Y,Y,Y
LKP_CONV_TYPES_PROD_FIGURES,Y,Y,Y
LKP_COST_CENTER,Y,Y,Y
LKP_COST_ELEMENT,Y,Y,Y
LKP_COSTING_RELEVNCY_IND,Y,Y,Y
LKP_COUNTRY,Y,Y,Y
LKP_COUNTRY_DIALLING_CODE,Y,Y,Y
LKP_COUNTRY_GROUP_IMPORT,Y,Y,Y
LKP_COUNTRY_REGION,Y,Y,Y
LKP_COUNTY,Y,Y,Y
LKP_CREATION_PROFILE,Y,Y,Y
LKP_CRED_REPRESENTATIVE_GROUPS,Y,Y,Y
LKP_CREDIT_CONTROL_AREA,Y,Y,Y
LKP_CREDIT_MANAGEMENT_GROUPS,Y,Y,Y
LKP_CREDIT_RISK_CATEGORY,Y,Y,Y
LKP_CRM_ASSIGN_GROUP_CODE,Y,Y,Y
LKP_CRM_BP_GROUPING,Y,Y,Y
LKP_CRM_BP_ROLE,Y,Y,Y
LKP_CRM_BUSINESS_PARTNER_TYPE,Y,Y,Y
LKP_CRM_CATALOG_TYPE_OF_ASSIGN,Y,Y,Y
LKP_CRM_COMMUNICATION_METHOD,Y,Y,Y
LKP_CRM_GROUP_TYPE,Y,Y,Y
LKP_CRM_TEXT_ID,Y,Y,Y
LKP_CROSS_PLANT_MAT_STATUS,Y,Y,Y
LKP_CURRENCY,Y,Y,Y
LKP_CUSTOMER_ACCOUNT_GROUP,Y,Y,Y
LKP_CUSTOMER_CLASSIFICATIONS,Y,Y,Y
LKP_CUSTOMER_CONDITION_GROUPS,Y,Y,Y
LKP_CUSTOMER_GROUP,Y,Y,Y
LKP_CUSTOMER_GROUP_1,Y,Y,Y
LKP_CUSTOMER_GROUP_2,Y,Y,Y
LKP_CUSTOMER_GROUP_3,Y,Y,Y
LKP_CUSTOMER_GROUP_4,Y,Y,Y
LKP_CUSTOMER_GROUP_5,Y,Y,Y
LKP_CUSTOMER_NUMBER,Y,Y,Y
LKP_CUSTOMER_PAYM_GUAR_PROC,Y,Y,Y
LKP_CUSTOMER_STATISTICS_GROUP,Y,Y,Y
LKP_CUSTOMERS_TERMS_OF_PAYMENT,Y,Y,Y
LKP_CUSTOMS_OFFICE,Y,Y,Y
LKP_CUSTPROC_PP,Y,Y,Y
LKP_D_ACTIVITY_TYPE_CAT,Y,Y,Y
LKP_D_BACKFLUSH_INDICATOR,Y,Y,Y
LKP_D_BOM_CATEGORY,Y,Y,Y
LKP_D_CONSUMPTION_MODE,Y,Y,Y
LKP_D_COPY_MODEL,Y,Y,Y
LKP_D_COST_ELEMENT_CATEGORY,Y,Y,Y
LKP_D_DEPENDENCY_TYPE,Y,Y,Y
LKP_D_DEPENDENT_REQMTS_IND,Y,Y,Y
LKP_D_ENTRY_REQUIRED,Y,Y,Y
LKP_D_EXTERNAL_INTERFACE_A,Y,Y,Y
LKP_D_METHOD_FOR_ALT_BOMS,Y,Y,Y
LKP_D_MIXED_MRP_INDICATOR,Y,Y,Y
LKP_D_PRICE_CONTROL_INDICATOR,Y,Y,Y
LKP_D_PROCUREMENT_TYPE,Y,Y,Y
LKP_D_PUR_INFO_REC_CATEGORY,Y,Y,Y
LKP_D_REQMTS_GROUPING_IND,Y,Y,Y
LKP_D_SAFETY_TIME_INDICATOR,Y,Y,Y
LKP_D_STANDARD_VALUE_FOR_W,Y,Y,Y
LKP_D_STATUS_MASTER_RECORD,Y,Y,Y
LKP_D_URI_TYPE_FLAG,Y,Y,Y
LKP_DATE_DISPLAY_FORMAT,Y,Y,Y
LKP_DEFAULT_VALUES_FOR_WBS,Y,Y,Y
LKP_DEFECT_CODE,Y,Y,Y
LKP_DELIVERY_BLOCK_REASONS,Y,Y,Y
LKP_DELIVERY_PRIORITY,Y,Y,Y
LKP_DELIVERY_SCHED_TRANS_GROUP,Y,Y,Y
LKP_DELIVERY_TIME_CATEGORIES,Y,Y,Y
LKP_DELIVERY_TYPE,Y,Y,Y
LKP_DEP_KEY,Y,Y,Y
LKP_DEPENDENCY_GROUPS,Y,Y,Y
LKP_DEPENDENCY_STATUSES,Y,Y,Y
LKP_DEPREC_AREA,Y,Y,Y
LKP_DG_IND_PROFILE_FOR_MAT,Y,Y,Y
LKP_DIMENSION_OF_WORK,Y,Y,Y
LKP_DIP_PROFILE_USAGE,Y,Y,Y
LKP_DIST_CHAIN_MAT_STATUS,Y,Y,Y
LKP_DIST_PROF_MATERIAL_IN_DC,Y,Y,Y
LKP_DISTR_CHANNEL_SALES_ORG,Y,Y,Y
LKP_DISTR_TYPES_GROSS_INC_TAX,Y,Y,Y
LKP_DISTRIBUTION,Y,Y,Y
LKP_DISTRIBUTION_CHANNEL,Y,Y,Y
LKP_DISTRIBUTION_KEY_IN_MRP,Y,Y,Y
LKP_DISTRICT,Y,Y,Y
LKP_DIVISION,Y,Y,Y
LKP_DOC_HEADER_MANU_DOC_ENTRY,Y,Y,Y
LKP_DOCUMENT,Y,Y,Y
LKP_DOCUMENT_ITEM,Y,Y,Y
LKP_DOCUMENT_TYPE,Y,Y,Y
LKP_DOCUMENT_TYPES,Y,Y,Y
LKP_DUNNING_AREAS,Y,Y,Y
LKP_DUNNING_KEYS,Y,Y,Y
LKP_DUNNING_PROCEDURE,Y,Y,Y
LKP_DYN_MOD_RULE_HEADER,Y,Y,Y
LKP_DYNAMIC_MOD_LEVEL,Y,Y,Y
LKP_EAN_CATEGORY,Y,Y,Y
LKP_ECM_CHANGE_TYPES,Y,Y,Y
LKP_EFFICIENCY_RATE,Y,Y,Y
LKP_EQUIPCATEGORY,Y,Y,Y
LKP_EQUIPMENT_MASTER_DATA,Y,Y,Y
LKP_EU_MARKET_PRODUCTS_GROUP,Y,Y,Y
LKP_EXCH_RATE_TYPE,Y,Y,Y
LKP_EXP_IMP_MATERIAL_GROUP,Y,Y,Y
LKP_EXPLOSION_TYPES,Y,Y,Y
LKP_EXT_MATERIAL_GROUP,Y,Y,Y
LKP_EXTERNAL_REQMTS_TYPE,Y,Y,Y
LKP_FACTORY_CALENDAR_ID,Y,Y,Y
LKP_FIFM_CMMT_ITEM,Y,Y,Y
LKP_FIFM_FINANCING_CODE,Y,Y,Y
LKP_FINANC_DOC_NO,Y,Y,Y
LKP_FISCAL_YEAR_VARIANTS,Y,Y,Y
LKP_FOREIGN_TRADE_PROCEDURE,Y,Y,Y
LKP_FORMS_OF_ADDRESS_KEY,Y,Y,Y
LKP_FORMULA,Y,Y,Y
LKP_FORWARD_AGENT_FREIGHT_GRP,Y,Y,Y
LKP_FRACTION_CALC,Y,Y,Y
LKP_FUNCT_LOC_CATEGORY,Y,Y,Y
LKP_FUNCT_LOC_STRUC_IND,Y,Y,Y
LKP_FUNCTIONAL_AREA,Y,Y,Y
LKP_FUNCTIONAL_LOCATION,Y,Y,Y
LKP_FUNDS_CENTER_MASTER_RECORD,Y,Y,Y
LKP_GENERAL_LEDGER_ACCOUNT,Y,Y,Y
LKP_GLOBAL_COMPANY_DATA,Y,Y,Y
LKP_GLOBAL_VALUATION_TYPES,Y,Y,Y
LKP_GRANT_MASTER,Y,Y,Y
LKP_GROUPING_KEY_AUTO_PAY,Y,Y,Y
LKP_GROUPING_KEY_DUNN_NOTICES,Y,Y,Y
LKP_GRP_REFERENCE_RQT_PROC,Y,Y,Y
LKP_HANDLING_INDICATOR,Y,Y,Y
LKP_HANDLING_UNIT_TYPES,Y,Y,Y
LKP_HAZARDOUS_MATERIALS,Y,Y,Y
LKP_HOUSE_BANK_ACCOUNTS,Y,Y,Y
LKP_HOUSE_BANKS,Y,Y,Y
LKP_ID_TYPE,Y,Y,Y
LKP_IMPORT_PROC_ANTI_DUMPING,Y,Y,Y
LKP_IMPORT_PROC_CAS_NO_PHARM,Y,Y,Y
LKP_IMPORT_PROC_CEILING_NUMBER,Y,Y,Y
LKP_IMPORT_PROC_CONTROL_CODE,Y,Y,Y
LKP_IMPORT_PROC_CUSTOMS_QUOTA,Y,Y,Y
LKP_IMPORT_PROC_PHARMACEU_PROD,Y,Y,Y
LKP_INCOTERMS_PART1,Y,Y,Y
LKP_IND_CTRL_KEY,Y,Y,Y
LKP_IND_EXT_NUMBERING,Y,Y,Y
LKP_IND_FOR_PERIOD_ACC_STMTS,Y,Y,Y
LKP_INDUSTRIES,Y,Y,Y
LKP_INDUSTRY,Y,Y,Y
LKP_INDUSTRY_CODE,Y,Y,Y
LKP_INDUSTRY_SECTOR,Y,Y,Y
LKP_INDUSTRY_SYSTEM,Y,Y,Y
LKP_INFLATION_INDEX,Y,Y,Y
LKP_INPUT_PROCESSNG_QM,Y,Y,Y
LKP_INSPECTION_METHOD,Y,Y,Y
LKP_INSPECTION_POINT,Y,Y,Y
LKP_INSPECTION_TYPE,Y,Y,Y
LKP_INSPECTOR_QUAL,Y,Y,Y
LKP_INTEREST_PROFILE,Y,Y,Y
LKP_INTEREST_SETTLEMENT,Y,Y,Y
LKP_INTERNAL_RECOVERY_INDCTR,Y,Y,Y
LKP_INVESTMENT_TYPE,Y,Y,Y
LKP_ISO_CODES_UNITS_OF_MSRMNT,Y,Y,Y
LKP_ITEM_CAT_GROUP_MATERIAL,Y,Y,Y
LKP_ITEM_CATEGORY,Y,Y,Y
LKP_ITEM_CATEGORY_PURCHASING,Y,Y,Y
LKP_JIB_JIBE_CLASS,Y,Y,Y
LKP_JIB_JIBE_SUBCLASS,Y,Y,Y
LKP_JOINT_VENTURE,Y,Y,Y
LKP_KEY_FOR_TASK_LIST,Y,Y,Y
LKP_KEY_WORD_ID_PS_USER_FIELDS,Y,Y,Y
LKP_KNOWN_NEGOTIATED_LEAVE,Y,Y,Y
LKP_LABOR_DESIGN_OFFICE,Y,Y,Y
LKP_LANGUAGE,Y,Y,Y
LKP_LEGAL_FORM,Y,Y,Y
LKP_LEGAL_STATUS,Y,Y,Y
LKP_LOADING_GROUP,Y,Y,Y
LKP_LOCATION_GROUP,Y,Y,Y
LKP_LOCKBOXES_AT_HOUSE_BANKS,Y,Y,Y
LKP_LOGICAL_SYSTEM,Y,Y,Y
LKP_LOGICAL_TIME,Y,Y,Y
LKP_LOGISTICS_GROUP,Y,Y,Y
LKP_LOGON_DATA_KERNEL_SIDE_USE,Y,Y,Y
LKP_LOT_CREATION_ALLOWED_VALUE,Y,Y,Y
LKP_LOT_SIZE,Y,Y,Y
LKP_MAIN_ASSET_NUMBER,Y,Y,Y
LKP_MAINT_AUTHORIZATIONS,Y,Y,Y
LKP_MAINTENANCE_PLANNER_GROUPS,Y,Y,Y
LKP_MARITAL_STATUS_DESIGNATORS,Y,Y,Y
LKP_MASTER_COST_OBJECT_NUMBER,Y,Y,Y
LKP_MASTER_INSPECT_CHARS,Y,Y,Y
LKP_MASTER_RECORD_LIFO_POOLS,Y,Y,Y
LKP_MATERIAL_COMPLETION_LEVELS,Y,Y,Y
LKP_MATERIAL_FREIGHT_GROUPS,Y,Y,Y
LKP_MATERIAL_GROUP,Y,Y,Y
LKP_MATERIAL_MRP_PROFILES,Y,Y,Y
LKP_MATERIAL_NUMBER,Y,Y,Y
LKP_MATERIAL_PRICING_GROUP,Y,Y,Y
LKP_MATERIAL_PRICING_GROUP_1,Y,Y,Y
LKP_MATERIAL_PRICING_GROUP_2,Y,Y,Y
LKP_MATERIAL_PRICING_GROUP_3,Y,Y,Y
LKP_MATERIAL_PRICING_GROUP_4,Y,Y,Y
LKP_MATERIAL_PRICING_GROUP_5,Y,Y,Y
LKP_MATERIAL_STATISTICS_GROUP,Y,Y,Y
LKP_MATERIAL_TYPE,Y,Y,Y
LKP_MATL_GRP_PCKMAT,Y,Y,Y
LKP_MFG_PART_CONTROL_PROFILE,Y,Y,Y
LKP_MGMT_CONTRACT,Y,Y,Y
LKP_MGMT_IDOCSTATUS,Y,Y,N
LKP_MINORITY_INDICATOR,Y,Y,Y
LKP_MODEOFTR_BORDER,Y,Y,Y
LKP_MOVEMENT_TYPE,Y,Y,Y
LKP_MRP_AREA,Y,Y,Y
LKP_MRP_CONTROLLER,Y,Y,Y
LKP_MRP_GROUP,Y,Y,Y
LKP_MRP_TYPE,Y,Y,Y
LKP_MULT_SPECI_OBJECT_TYPE,Y,Y,Y
LKP_NAME_SUPPLEMENT,Y,Y,Y
LKP_NETWORK_DEFAULTS,Y,Y,Y
LKP_NIELSEN_ID,Y,Y,Y
LKP_NUMBER_OF_CAP_PROD_LIST,Y,Y,Y
LKP_OBJ_MULT_SPECS,Y,Y,Y
LKP_OBJECT_TYPES_FOR_ACCTNG,Y,Y,Y
LKP_ORDER_MASTER_DATA,Y,Y,Y
LKP_ORDER_TYPES,Y,Y,Y
LKP_ORG_UNIT_SALES_AREAS,Y,Y,Y
LKP_ORG_UNIT_SHIPPING_POINTS,Y,Y,Y
LKP_ORGAL_UNIT_SALES_GROUPS,Y,Y,Y
LKP_ORIGIN_IN_CO_OBJECT,Y,Y,Y
LKP_ORIGIN_OF_RESULTS_DATA,Y,Y,Y
LKP_OVERHEAD_GROUPS,Y,Y,Y
LKP_PACKAGING_MATERIAL_TYPES,Y,Y,Y
LKP_PARTNER_FUNCTION,Y,Y,Y
LKP_PAYM_GUAR_PROC,Y,Y,Y
LKP_PAYMENT_CARDS_MERCHANT_ID,Y,Y,Y
LKP_PAYMENT_CARDS_TYPE,Y,Y,Y
LKP_PAYMENT_METHOD,Y,Y,Y
LKP_PAYMENT_METHOD_SUPPLEMENTS,Y,Y,Y
LKP_PERIOD_PROFILE_FOR_ST,Y,Y,Y
LKP_PERSON_RESPOND_4_WORK_CTR,Y,Y,Y
LKP_PERSON_RESPONS_FOR_PROJ,Y,Y,Y
LKP_PICKING_AREA,Y,Y,Y
LKP_PLAN_DEL_SCHED_INS,Y,Y,Y
LKP_PLANNER_GROUP,Y,Y,Y
LKP_PLANNING_GROUPS,Y,Y,Y
LKP_PLANNING_PLANT_PARAMETERS,Y,Y,Y
LKP_PLANNING_STRATEGY_GROUP,Y,Y,Y
LKP_PLANT,Y,Y,Y
LKP_PLANT_SECTION,Y,Y,Y
LKP_PP_PLANNING_PERIODS_HEADER,Y,Y,Y
LKP_PPSFC_ORDER_PROFILE,Y,Y,Y
LKP_PREFERENCE_TYPE,Y,Y,Y
LKP_PREFERENCE_ZONE,Y,Y,Y
LKP_PREFIX,Y,Y,Y
LKP_PRICE_INDICATOR,Y,Y,Y
LKP_PRICE_MARKING_AGREEMENT,Y,Y,Y
LKP_PRICELISTTYPE,Y,Y,Y
LKP_PRICING_GROUP_CUST,Y,Y,Y
LKP_PRICING_PROCEDURE_CUSTOMER,Y,Y,Y
LKP_PRICING_PROCEDURES_T683,Y,Y,Y
LKP_PRIORITY,Y,Y,Y
LKP_PROACT_CONTROL_PROF,Y,Y,Y
LKP_PROCESS_GROUP_FOR_ORDERS,Y,Y,Y
LKP_PROD_ALLOCATION,Y,Y,Y
LKP_PROD_VERSION_OF_MATERIAL,Y,Y,Y
LKP_PRODCOM_NO,Y,Y,Y
LKP_PRODUCT_CATALOG,Y,Y,Y
LKP_PRODUCT_HIERARCHY,Y,Y,Y
LKP_PRODUCTION_SCHEDULER,Y,Y,Y
LKP_PROFILE,Y,Y,Y
LKP_PROFIT_CENTER_MASTER_DATA,Y,Y,Y
LKP_PROJECT_APPLICANT,Y,Y,Y
LKP_PROJECT_TYPES,Y,Y,Y
LKP_PROMOTION_HEADER_DATA_IS_R,Y,Y,Y
LKP_PROPERTY_MASTER,Y,Y,Y
LKP_PRT_CATEGORY,Y,Y,Y
LKP_PRT_CONTROL_KEY,Y,Y,Y
LKP_PURCHASE_INFO_REC_GEN_DATA,Y,Y,Y
LKP_PURCHASE_REQUISITION,Y,Y,Y
LKP_PURCHASING_DOCUMENT_HEADER,Y,Y,Y
LKP_PURCHASING_DOCUMENT_ITEM,Y,Y,Y
LKP_PURCHASING_DOCUMENT_TYPES,Y,Y,Y
LKP_PURCHASING_GROUP,Y,Y,Y
LKP_PURCHASING_ORGANIZATION,Y,Y,Y
LKP_PURCHASING_VALUE_KEY,Y,Y,Y
LKP_PYMT_METHOD,Y,Y,Y
LKP_QDR_SYSTEM,Y,Y,Y
LKP_QM_MAT_AUTH_GROUP,Y,Y,Y
LKP_QUALITY_NOTIFICATION,Y,Y,Y
LKP_QUALITY_SCORE_PROC,Y,Y,Y
LKP_QUOTA_ARRANGEMENT_RULES,Y,Y,Y
LKP_RANGE_OF_COVERAGE_PROFILE,Y,Y,Y
LKP_REASON_FOR_CANCELLATION,Y,Y,Y
LKP_REASON_FOR_INVESTMENT,Y,Y,Y
LKP_REASON_FOR_MOVEMENT,Y,Y,Y
LKP_REASONS_FOR_ORDERING,Y,Y,Y
LKP_RECIPIENT_TYPE_VENDORS,Y,Y,Y
LKP_RECON_ACCOUNT_CUSTOMER,Y,Y,Y
LKP_RECON_ACCOUNT_VENDOR,Y,Y,Y
LKP_RECOVERY_INDICATOR,Y,Y,Y
LKP_REDUCTION_STRATEGIES,Y,Y,Y
LKP_REFERENCE_DATE,Y,Y,Y
LKP_REFERENCE_POINT_BOM_TRANS,Y,Y,Y
LKP_REFERENCE_TYPE,Y,Y,Y
LKP_REG_STR_GRP,Y,Y,Y
LKP_RELEASE_GROUPS,Y,Y,Y
LKP_RELEASE_IND_PUR_DOC,Y,Y,Y
LKP_REM_PROFILE,Y,Y,Y
LKP_RENT_UNIT_NUM,Y,Y,Y
LKP_REQMT_URGENCY,Y,Y,Y
LKP_RESERVATION_DEP_REQMTS,Y,Y,Y
LKP_RESPONSIBILITY_SD,Y,Y,Y
LKP_RETURN_AGREEMENTS,Y,Y,Y
LKP_ROUNDING_PROFILE,Y,Y,Y
LKP_ROUTES,Y,Y,Y
LKP_ROUTES_SHIPPING_TYPE,Y,Y,Y
LKP_RSN_CODE_CONV,Y,Y,Y
LKP_RSN_ENVIR_INVEST,Y,Y,Y
LKP_RSN_REVERSAL_POSTING,Y,Y,Y
LKP_SALES_DISTRICT,Y,Y,Y
LKP_SALES_DOC_BLOCKING_REASONS,Y,Y,Y
LKP_SALES_DOC_ITEM_CATEGORY,Y,Y,Y
LKP_SALES_DOC_ITEM_STATUS,Y,Y,Y
LKP_SALES_DOC_ORD_TYPE,Y,Y,Y
LKP_SALES_DOC_ORDER_REASON,Y,Y,Y
LKP_SALES_DOC_REJECTIONREASON,Y,Y,Y
LKP_SALES_DOC_SCHEDULE_LINE,Y,Y,Y
LKP_SALES_DOCUMENT,Y,Y,Y
LKP_SALES_DOCUMENT_TYPES,Y,Y,Y
LKP_SALES_GROUP,Y,Y,Y
LKP_SALES_OFFICE,Y,Y,Y
LKP_SALES_OFFICE_ORG_UNIT,Y,Y,Y
LKP_SALES_ORGANISATION,Y,Y,Y
LKP_SALES_REBATE_GROUPS,Y,Y,Y
LKP_SAMPLE_DRAW_PORC,Y,Y,Y
LKP_SAMPLE_PROC_INSP,Y,Y,Y
LKP_SCALE_OF_INVEST_OBJECTS,Y,Y,Y
LKP_SCB_RATIOS,Y,Y,Y
LKP_SCHED_LINE_CAT,Y,Y,Y
LKP_SCHEDMARGIN_KEY,Y,Y,Y
LKP_SCHEMA_GRP_VNDR,Y,Y,Y
LKP_SECTION_CODE,Y,Y,Y
LKP_SELECTION_RULE_PMT_ADVICES,Y,Y,Y
LKP_SERIAL_NUMBER_PROFILE,Y,Y,Y
LKP_SERV_AGNT_PROC_GRP,Y,Y,Y
LKP_SERVICE_CATEGORY,Y,Y,Y
LKP_SERVICE_CHARGE_KEY,Y,Y,Y
LKP_SERVICE_MASTER_BASIC_DATA,Y,Y,Y
LKP_SERVICE_PACKAGE_HEADER,Y,Y,Y
LKP_SETTLEMENT_UNIT,Y,Y,Y
LKP_SETUP_GROUP_CATEGORIES,Y,Y,Y
LKP_SETUP_GROUP_KEYS,Y,Y,Y
LKP_SETUP_TYPE_KEY,Y,Y,Y
LKP_SEVERAL_OBJ_ONE_CLASS_TYPE,Y,Y,Y
LKP_SHIPPING_CONDITIONS,Y,Y,Y
LKP_SHIPPING_INSTR_PURCHASING,Y,Y,Y
LKP_SLED_PERIOD_INDICATOR,Y,Y,Y
LKP_SORT_KEY,Y,Y,Y
LKP_SOURCE_OF_SUPPLY_KEYS,Y,Y,Y
LKP_SPARE_PART_INDICATORS,Y,Y,Y
LKP_SPC_CRITERION,Y,Y,Y
LKP_SPEC_PROCESSING_IND,Y,Y,Y
LKP_SPECIAL_GL_INDICATOR,Y,Y,Y
LKP_SPECIAL_MOVEMENT_IND,Y,Y,Y
LKP_SPECIAL_PROCUREMENT_KEY,Y,Y,Y
LKP_SPECIAL_STOCK_IND,Y,Y,Y
LKP_SPLIT_UP_FORECAST_REQMTS,Y,Y,Y
LKP_STANDARD_TEXTS_FOR_ROUTING,Y,Y,Y
LKP_STANDARD_VALUE_KEY,Y,Y,Y
LKP_STAT_GRP_AGENT,Y,Y,Y
LKP_STAT_KEY_FIG,Y,Y,Y
LKP_STATUS,Y,Y,Y
LKP_STATUS_CONFIG_OBJECTS,Y,Y,Y
LKP_STD_VAL_CALCUL_TYPE,Y,Y,Y
LKP_STOCK_DETERMINATION_GROUP,Y,Y,Y
LKP_STOR_CONDITIONS_MATERIALS,Y,Y,Y
LKP_STORAGE_BIN_LAGP,Y,Y,Y
LKP_STORAGE_LOCATION,Y,Y,Y
LKP_STORAGE_SECTION_IND,Y,Y,Y
LKP_STORAGE_TYPE,Y,Y,Y
LKP_STORAGE_TYPE_INDICATOR,Y,Y,Y
LKP_STREET_NUMBER,Y,Y,Y
LKP_STREET_TYPE,Y,Y,Y
LKP_SUB_ITEM_CAT_PURCHASING,Y,Y,Y
LKP_SUBPROJECTS,Y,Y,Y
LKP_SUPPLY_AREA,Y,Y,Y
LKP_TABLE_RESTRICTION_PROFILE,Y,Y,Y
LKP_TARGET_QM_SYS,Y,Y,Y
LKP_TASK_LIST_TYPE,Y,Y,Y
LKP_TASK_LIST_USAGE,Y,Y,Y
LKP_TAX_CALC_SUB_TRIB_GROUP,Y,Y,Y
LKP_TAX_CATEGORY,Y,Y,Y
LKP_TAX_CLASSIFIC_MATERIAL,Y,Y,Y
LKP_TAX_CODE,Y,Y,Y
LKP_TAX_IND_ACC_ASS,Y,Y,Y
LKP_TAX_JURISDICTION_CODE,Y,Y,Y
LKP_TAX_LAW_ICMS,Y,Y,Y
LKP_TAX_LAW_IPI,Y,Y,Y
LKP_TAX_TYPES,Y,Y,Y
LKP_TAXCLASSIFICATION,Y,Y,Y
LKP_TAXES_MATERIAL_PURCHASING,Y,Y,Y
LKP_TAXES_PLANT_PURCHASING,Y,Y,Y
LKP_TECH_OJB_AUTHORIZ_GROUP,Y,Y,Y
LKP_TEMPERATURE_STORING_MAT,Y,Y,Y
LKP_TEMPLATE,Y,Y,Y
LKP_TERMS_OF_PAYMENT,Y,Y,Y
LKP_TEXT_ID_GRPS_TEXT_PROC,Y,Y,Y
LKP_TIME_ZONE,Y,Y,Y
LKP_TOLERANCE_GROUP,Y,Y,Y
LKP_TOLERANCE_GRP_IV,Y,Y,Y
LKP_TOLERANCE_KEY_CHARS,Y,Y,Y
LKP_TOTAL_CHANGE_PROFILE_OCM,Y,Y,Y
LKP_TRANSPORT_CHAIN_HEADER,Y,Y,Y
LKP_TRANSPORTATION_ZONE,Y,Y,Y
LKP_TYPE_OF_ID,Y,Y,Y
LKP_TYPE_OF_TECHNICAL_OBJECT,Y,Y,Y
LKP_UNIT_6_CHAR,Y,Y,Y
LKP_UNIT_OF_MEASURE_GROUP,Y,Y,Y
LKP_UNIT_OF_MEASUREMENT,Y,Y,Y
LKP_VALID_CC_CATEGORY,Y,Y,Y
LKP_VALUATION_ADJUSTMENT_KEY,Y,Y,Y
LKP_VALUATION_AREA,Y,Y,Y
LKP_VALUATION_CLASSES,Y,Y,Y
LKP_VAR_SIZE_ITEM_FORMULAS,Y,Y,Y
LKP_VARIANCE_KEY_COSTING,Y,Y,Y
LKP_VENDOR,Y,Y,Y
LKP_VENDOR_ACCOUNT_GROUP,Y,Y,Y
LKP_VENDOR_ACCOUNT_NUMBER,Y,Y,Y
LKP_VENDOR_QM_SYSTEM,Y,Y,Y
LKP_VENDOR_SUBRANGE,Y,Y,Y
LKP_VERSION_INDEPENDENT_REQMT,Y,Y,Y
LKP_W_TAX_CODE,Y,Y,Y
LKP_WAGE_GROUP_QUALIFICATION,Y,Y,Y
LKP_WAGE_GROUPS,Y,Y,Y
LKP_WAREHOUSE_MATERIAL_GROUP,Y,Y,Y
LKP_WAREHOUSE_NUMBERS,Y,Y,Y
LKP_WBS_ELEMENT_MASTER_DATA,Y,Y,Y
LKP_WBS_SCHED_PROF,Y,Y,Y
LKP_WEIGHTING_OF_CHAR,Y,Y,Y
LKP_WH_COSTS_MRP_LOT_SIZE,Y,Y,Y
LKP_WH_STOR_COND,Y,Y,Y
LKP_WH_TAX_COUNTRY_KEYS,Y,Y,Y
LKP_WITHHLD_TAX_TYPE,Y,Y,Y
LKP_WITHHOLDING_TAX_CODE,Y,Y,Y
LKP_WORK_CENTER,Y,Y,Y
LKP_WORK_CENTER_CAT,Y,Y,Y
LKP_WORK_OWNER_LOCATION,Y,Y,Y
LKP_MAINTENANCE_STRATEGY,Y,Y,Y
LKP_PLANNING_STRATEGY,Y,Y,Y
LKP_MPLA_CATEGRORY,Y,Y,Y
LKP_MPLA_ACTIVITY_TYPE,Y,Y,Y
LKP_NOTIFICATION_TYPE,Y,Y,Y
LKP_GL_ACCOUNT_GRP,Y,Y,Y
LKP_FIELD_STATUS_GROUP,Y,Y,Y
LKP_DME_INDICATOR,Y,Y,Y
LKP_CRT_NUMBER,Y,Y,Y
LKP_CNAE,Y,Y,Y
LKP_COMPANY_SIZE,Y,Y,Y
LKP_DECLARATION_REGIMEN,Y,Y,Y
LKP_ICMS_TAXPAYER,Y,Y,Y
LKP_INDUSTRY_MAIN_TYPE,Y,Y,Y
LKP_LEGAL_NATURE,Y,Y,Y
LKP_TAX_DECLARATION_TYPE,Y,Y,Y
LKP_GENERAL_CUSTOMER_MASTER,Y,Y,Y
LKP_PARTIAL_DEV_CONTROL,Y,Y,Y
LKP_INSTRUCTION_KEYS,Y,Y,Y
LKP_BP_LEGAL_ENTITY,Y,Y,Y
LKP_PAYMT_CARDS_TYPE,Y,Y,Y
LKP_BP_BLK_REAS_PAY_CARD,Y,Y,Y
LKP_BUSINESS_PARTNER_ROLES,Y,Y,Y
LKP_INCOTERMS_VERS,Y,Y,Y
LKP_CRM_BP_ID_CATEG,Y,Y,Y
LKP_RULE_CREDIT_CHECK,Y,Y,Y
LKP_RULE_SCORE_CREDIT_LIMIT,Y,Y,Y
LKP_RISK_CLASS,Y,Y,Y
LKP_CUSTOMER_CREDIT_GROUP,Y,Y,Y
LKP_CREDIT_SEGMENT,Y,Y,Y
LKP_REASON_BLOCK_CREDIT_MGT,Y,Y,Y
