LKPTAB_NAME,LKPTAB_DESCRIPTION,CHKTAB_NAME,TXTTAB_NAME,LKPTAB_MAINKEY,LKPTAB_LEGACY_FIELD,DOMAIN,STATUS,PACKAGE,COMMENTS,RELEASED_ON
LKP_1ST_STORE_UNIT_TYPE,1st Store Unit Type,,,,,,R,ERP,,2010.08.01 13:19:12
LKP_ABC_INDIC_TECH_OBJ,ABC indicator for technical object,,,,,,R,ERP,,2010.09.28 13:19:12
LKP_ABC_INDICATOR,Abc Indicator,,,,,,R,ERP,,2010.08.01 13:19:12
LKP_ACADEMIC_TITLE,Academic Title (Business Address Services),,,,,,R,ERP,,2010.08.01 13:19:12
LKP_ACCOUNT_ASSIGNMENT_GROUP,Account Assignment Group,,,,,,R,ERP,,2010.08.01 13:19:12
LKP_ACCOUNTING_CLERKS,Accounting Clerks,,,,,,R,ERP,,2010.08.01 13:19:12
LKP_ACCOUNTING_INDICATORS,Accounting Indicators,,,,,,R,ERP,,2010.08.01 13:19:12
LKP_ACCT_ASGNMT_GRP_MATERIAL,Account Assignment Group Material,,,,,,R,ERP,,2010.08.01 13:19:12
LKP_ACCT_ASSGT_CATEGORIES,Account Assignment Categories,,,,,,R,ERP,,2010.08.01 13:19:12
LKP_ACTION_CONTROL,Action Control,,,,,,R,ERP,,2010.09.29 10:12:43
LKP_ACTIVITY_CODE_GROSS_INCOME,Activity Codes For Gross Income Tax Declaration,,,,,,R,ERP,,2010.08.01 13:19:12
LKP_ACTIVITY_CODE_SOC_INS,Activity Code For Social Security Withholding,,,,,,R,ERP,,2010.08.01 13:19:12
LKP_ACTIVITY_PROFILE,Activity Profile,,,,,,R,ERP,,2010.08.01 13:19:12
LKP_ACTIVITY_TYPE,Activity Type,,,,,,R,ERP,,2010.08.01 13:19:12
LKP_ADDRESS_VERSION,Address number,,,,,,R,ERP,,2010.08.01 13:19:12
LKP_AGREEMENTS,Agreements,,,,,,R,ERP,,2010.08.01 13:19:12
LKP_ALLOCATION_COST_ELEMENT,Allocation Cost Element,,,,,,R,ERP,,2010.08.01 13:19:12
LKP_APPLICATION,Application,,,,,,R,ERP,,2010.08.01 13:19:12
LKP_AR_PLEDGING_IND,Accounts Receivable Pledging,,,,,,R,ERP,,2010.08.01 13:19:12
LKP_ASSET_CLASS,Asset Class,,,,,,R,ERP,,2010.08.01 13:19:12
LKP_ASSET_MASTER_REC_SEGMENT,Asset Master Record Segment,,,,,,R,ERP,,2010.08.01 13:19:12
LKP_ASSIGN_GROUP_CODE,Assign Group Code,,,,,,R,ERP,,2010.08.01 13:19:12
LKP_ASSIGNMENT_TABLE,Assignment Table,,,,,,R,ERP,,2010.08.01 13:19:12
LKP_ASSIGNMENT_TEST_GROUP,Assignment Test Group,,,,,,R,ERP,,2010.09.29 10:12:43
LKP_ATTRIBUTE_1,Attribute 1,,,,,,R,ERP,,2010.08.01 13:19:12
LKP_ATTRIBUTE_10,Attribute 10,,,,,,R,ERP,,2010.08.01 13:19:12
LKP_ATTRIBUTE_2,Attribute 2,,,,,,R,ERP,,2010.08.01 13:19:12
LKP_ATTRIBUTE_3,Attribute 3,,,,,,R,ERP,,2010.08.01 13:19:12
LKP_ATTRIBUTE_4,Attribute 4,,,,,,R,ERP,,2010.08.01 13:19:12
LKP_ATTRIBUTE_5,Attribute 5,,,,,,R,ERP,,2010.08.01 13:19:12
LKP_ATTRIBUTE_6,Attribute 6,,,,,,R,ERP,,2010.08.01 13:19:12
LKP_ATTRIBUTE_7,Attribute 7,,,,,,R,ERP,,2010.08.01 13:19:12
LKP_ATTRIBUTE_8,Attribute 8,,,,,,R,ERP,,2010.08.01 13:19:12
LKP_ATTRIBUTE_9,Attribute 9,,,,,,R,ERP,,2010.08.01 13:19:12
LKP_AUTH_GRP_BASIC_DATA,Auth Grp Qmbasic Data,,,,,,R,ERP,,2010.08.01 13:19:12
LKP_AVAILABILITY_CHECK_CONTROL,Availability Check Control,,,,,,R,ERP,,2010.08.01 13:19:12
LKP_BANK_MASTER_RECORD,Bank Master Record,,,,,,R,ERP,,2010.08.01 13:19:12
LKP_BATCHES,Batches,,,,,,R,ERP,,2010.08.01 13:19:12
LKP_BATCHES_PLANT,Batches Plant,,,,,,R,ERP,,2010.08.01 13:19:12
LKP_BILLING_DOCUMENT_TYPES,Billing Document Types,,,,,,R,ERP,,2010.08.01 13:19:12
LKP_BILLING_REASONS_BLOCKING,Billing Reason For Blocking,,,,,,R,ERP,,2010.08.01 13:19:12
LKP_BLK_REASONS_DUNN_NOTICES,Blocking Reasons For Dunning Notices,,,,,,R,ERP,,2010.08.01 13:19:12
LKP_BLK_REASONS_PAYMENT,Blocking Reasons For Auto Pmt Trans,,,,,,R,ERP,,2010.08.01 13:19:12
LKP_BLOCK_FUNCTION,Functions That Can Be Blocked,,,,,,R,ERP,,2010.08.01 13:19:12
LKP_BOM_EXPLOSION_NUMBER,Bom Explosion Number,,,,,,R,ERP,,2010.08.01 13:19:12
LKP_BOM_STATUS,Bom Status,,,,,,R,ERP,,2010.08.01 13:19:12
LKP_BOM_USAGE,Bomusage,,,,,,R,ERP,,2010.08.01 13:19:12
LKP_BUDGET_PERIOD,FM: Budget Period,,,,,,R,ERP,,2010.08.01 13:19:12
LKP_BUDGET_PLAN_PROFILE,Budget Plan Profile,,,,,,R,ERP,,2010.09.28 13:22:43
LKP_BUILDING_NUMBER,Real estate building master,,,,,,R,ERP,,2010.08.01 13:19:12
LKP_BULK_STORAGE_INDICATORS,Bulk Storage Indicators,,,,,,R,ERP,,2010.08.01 13:19:12
LKP_BUS_TRANSACT_TYPE,Foreign Trade Business Transaction Type,,,,,,R,ERP,,2010.08.01 13:19:12
LKP_BUSINESS_AREAS,Business Areas,,,,,,R,ERP,,2010.08.01 13:19:12
LKP_BUSINESS_ENTITIES,Business entities,,,,,,R,ERP,,2010.08.01 13:19:12
LKP_BUSINESS_PLACE,Business Place,,,,,,R,ERP,,2010.09.28 13:22:43
LKP_CAP_INVEST_PROFILE,Cap Inv Measure Profile,,,,,,R,ERP,,2010.09.28 13:22:43
LKP_CAPACITY_CATEGORY,Capacity Category,,,,,,R,ERP,,2010.09.28 15:32:21
LKP_CAPACITY_PLANNER_GROUP,Capacity Planner Group,,,,,,R,ERP,,2010.08.01 13:19:12
LKP_CATALOG_PROFILE,Catalog Profile,,,,,,R,ERP,,2010.08.01 13:19:12
LKP_CATALOG_TYPE_OF_ASSIGN,Catalog Type Of Assign,,,,,,R,ERP,,2010.08.01 13:19:12
LKP_CERTIFICATE_CATEGORIES,Certificate Categories,,,,,,R,ERP,,2010.08.01 13:19:12
LKP_CERTIFICATE_TYPE,Certificate Type,,,,,,R,ERP,,2010.08.01 13:19:12
LKP_CFOP_CODE_AND_EXTENSION,Cfopcode And Extension,,,,,,R,ERP,,2010.08.01 13:19:12
LKP_CHANGE_NUMBER,Change Number,,,,,,R,ERP,,2010.08.01 13:19:12
LKP_CHAR_NAME,Char Name,,,,,,R,ERP,,2010.08.01 13:19:12
LKP_CHARACTERISTIC_STATUS,Characteristic Status,,,,,,R,ERP,,2010.08.01 13:19:12
LKP_CHARACTERISTICS_GROUPS,Characteristics Groups,,,,,,R,ERP,,2010.08.01 13:19:12
LKP_CHECK_TAB_REL_ORDERS_USAGE,Check Table For Release Orders Usage Id,,,,,,R,ERP,,2010.08.01 13:19:12
LKP_CHECK_TABLE_BASIC_MATERIAL,Check Table For Basic Material Field,,,,,,R,ERP,,2010.08.01 13:19:12
LKP_CHECK_TABLE_LABEL_SHAPE,Check Table For Label Shape,,,,,,R,ERP,,2010.08.01 13:19:12
LKP_CHECK_TABLE_LABEL_TYPE,Check Table For Labelling Type,,,,,,R,ERP,,2010.08.01 13:19:12
LKP_CHECK_TABLE_PROCURE_RULE,Check Table For Supply Source Entry,,,,,,R,ERP,,2010.08.01 13:19:12
LKP_CHECK_TABLE_RA_KEY,Chk Tbl For Rslts Anlys Key Of Ra For Ords,,,,,,R,ERP,,2010.09.16 13:19:12
LKP_CHECK_TABLE_SEASON_IND,Check Table For Season Indicator,,,,,,R,ERP,,2010.08.01 13:19:12
LKP_CIM_RESOURCE_ENTITIES,Cimresource Entities,,,,,,R,ERP,,2010.08.01 13:19:12
LKP_CITY,City,,,,,,R,ERP,,2010.08.01 13:19:12
LKP_CITY_NUMBER,City Code for City/Street File,,,,,,R,ERP,,2010.08.01 13:19:12
LKP_CLASS_GROUPS,Class Groups,,,,,,R,ERP,,2010.08.01 13:19:12
LKP_CLASS_NAME,Class Name,,,,,,R,ERP,,2010.08.01 13:19:12
LKP_CLASS_STATUS,Class Status,,,,,,R,ERP,,2010.08.01 13:19:12
LKP_CLASS_TYPE,Class Type,,,,,,R,ERP,,2010.08.01 13:19:12
LKP_CO_ABC_ACTIVITY_MASTER,Co Abc Activity Master Table,,,,,,R,ERP,,2010.08.01 13:19:12
LKP_CO_VERSIONS,Co Versions,,,,,,R,ERP,,2010.08.01 13:19:12
LKP_COMMISSION_GROUPS,Commission Groups,,,,,,R,ERP,,2010.08.01 13:19:12
LKP_COMMODITY_CODE,Commodity Code,,,,,,R,ERP,,2010.08.01 13:19:12
LKP_COMPANY_CODE,Company Code,,,,,,R,ERP,,2010.08.01 13:19:12
LKP_COMPLIANCE_W_SHIPPING_INS,Code For Compliance With Shipping Instructions,,,,,,R,ERP,,2010.08.01 13:19:12
LKP_COND_TYPE,Cond Type,,,,,,R,ERP,,2010.10.12 15:12:54
LKP_CONDITIONS_APPLICATIONS,Conditions Applications,,,,,,R,ERP,,2010.08.01 13:19:12
LKP_CONDITIONS_EXCLUSION_IND,Conditions Exclusion Indicator,,,,,,R,ERP,,2010.08.01 13:19:12
LKP_CONFIRMATION_CONTROL_KEY,Confirmation Control Key,,,,,,R,ERP,,2010.09.28 20:40:25
LKP_CONT_PERSON_BUYING_HABITS,Contact Person Buying Habits,,,,,,R,ERP,,2010.08.01 13:19:12
LKP_CONT_PERSON_CALL_FREQUENCY,Contact Person Frequency Of Visits,,,,,,R,ERP,,2010.08.01 13:19:12
LKP_CONTACT_PERSON_ATTR_10,Contact Person Attribute10,,,,,,R,ERP,,2010.08.01 13:19:12
LKP_CONTACT_PERSON_ATTRIBUTE_2,Contact Person Attribute 2,,,,,,R,ERP,,2010.08.01 13:19:12
LKP_CONTACT_PERSON_ATTRIBUTE_3,Contact Person Attribute 3,,,,,,R,ERP,,2010.08.01 13:19:12
LKP_CONTACT_PERSON_ATTRIBUTE_4,Contact Person Attribute 4,,,,,,R,ERP,,2010.08.01 13:19:12
LKP_CONTACT_PERSON_ATTRIBUTE_5,Contact Person Attribute 5,,,,,,R,ERP,,2010.08.01 13:19:12
LKP_CONTACT_PERSON_ATTRIBUTE_6,Contact Person Attribute 6,,,,,,R,ERP,,2010.08.01 13:19:12
LKP_CONTACT_PERSON_ATTRIBUTE_7,Contact Person Attribute 7,,,,,,R,ERP,,2010.08.01 13:19:12
LKP_CONTACT_PERSON_ATTRIBUTE_8,Contact Person Attribute 8,,,,,,R,ERP,,2010.08.01 13:19:12
LKP_CONTACT_PERSON_ATTRIBUTE_9,Contact Person Attribute 9,,,,,,R,ERP,,2010.08.01 13:19:12
LKP_CONTACT_PERSON_AUTHORITY,Contact Person Decision Authority,,,,,,R,ERP,,2010.08.01 13:19:12
LKP_CONTACT_PERSON_HOBBIES,Contact Person Hobbies,,,,,,R,ERP,,2010.08.01 13:19:12
LKP_CONTACT_PERSON_VIP_IND,Contact Person Vip Indicator,,,,,,R,ERP,,2010.08.01 13:19:12
LKP_CONTACT_PERSONS_FUNCTIONS,Contact Persons Functions,,,,,,R,ERP,,2010.08.01 13:19:12
LKP_CONTACT_PERSONS_STD_DEPT,Contact Persons Std Dept,,,,,,R,ERP,,2010.08.01 13:19:12
LKP_CONTAINER_REQMTS_STORE_MAT,Container Requirements For Storing Materials,,,,,,R,ERP,,2010.08.01 13:19:12
LKP_CONTAINER_REQUIREMENTS,Control Key For Qmin Procurement,,,,,,R,ERP,,2010.08.01 13:19:12
LKP_CONTROL_KEY,Control Key,,,,,,R,ERP,,2010.08.01 13:19:12
LKP_CONTROLLING_AREA,Controlling Area,,,,,,R,ERP,,2010.08.01 13:19:12
LKP_CONV_TYPES_PROD_FIGURES,Conversion Types For Production Figures,,,,,,R,ERP,,2010.08.01 13:19:12
LKP_COST_CENTER,Cost Center,,,,,,R,ERP,,2010.08.01 13:19:12
LKP_COST_ELEMENT,Cost Element,,,,,,R,ERP,,2010.08.01 13:19:12
LKP_COSTING_RELEVNCY_IND,Indicator For Relevancy To Costing,,,,,,R,ERP,,2010.08.01 13:19:12
LKP_COUNTRY,Country,,,,,,R,ERP,,2010.08.01 13:19:12
LKP_COUNTRY_DIALLING_CODE,Communication: country dialling code,,,,,,R,ERP,,2010.08.01 13:19:12
LKP_COUNTRY_GROUP_IMPORT,Country Groups For Import Processing,,,,,,R,ERP,,2010.08.01 13:19:12
LKP_COUNTRY_REGION,Country Region,,,,,,R,ERP,,2010.08.01 13:19:12
LKP_COUNTY,County,,,,,,R,ERP,,2010.08.01 13:19:12
LKP_CREATION_PROFILE,Creation Profile,,,,,,R,ERP,,2010.08.01 13:19:12
LKP_CRED_REPRESENTATIVE_GROUPS,Credit Management Representative Groups,,,,,,R,ERP,,2010.08.01 13:19:12
LKP_CREDIT_CONTROL_AREA,Credit Control Area,,,,,,R,ERP,,2010.08.01 13:19:12
LKP_CREDIT_MANAGEMENT_GROUPS,Credit Management Groups,,,,,,R,ERP,,2010.08.01 13:19:12
LKP_CREDIT_RISK_CATEGORY,Credit Risk Category,,,,,,R,ERP,,2010.08.01 13:19:12
LKP_CRM_ASSIGN_GROUP_CODE,CRM Assign Group Code,,,,,,R,ERP,,2010.08.01 13:19:12
LKP_CRM_BP_GROUPING,BP groupings,,,,,,R,ERP,,2010.08.01 13:19:12
LKP_CRM_BP_ROLE,BP Roles,,,,,,R,ERP,,2010.10.12 14:50:50
LKP_CRM_BUSINESS_PARTNER_TYPE,BP types,,,,,,R,ERP,,2010.08.01 13:19:12
LKP_CRM_CATALOG_TYPE_OF_ASSIGN,CRM Catalog Type of Assign,,,,,,R,ERP,,2010.08.01 13:19:12
LKP_CRM_COMMUNICATION_METHOD,CRM Communication Method,,,,,,R,ERP,,2010.08.01 13:19:12
LKP_CRM_GROUP_TYPE,BP group types,,,,,,R,ERP,,2010.08.01 13:19:12
LKP_CRM_TEXT_ID,CRM Text ID,,,,,,R,ERP,,2010.08.01 13:19:12
LKP_CROSS_PLANT_MAT_STATUS,Xplant Material Status,,,,,,R,ERP,,2010.08.01 13:19:12
LKP_CURRENCY,Currency,,,,,,R,ERP,,2010.08.01 13:19:12
LKP_CUSTOMER_ACCOUNT_GROUP,Customer Account Group,,,,,,R,ERP,,2010.08.01 13:19:12
LKP_CUSTOMER_CLASSIFICATIONS,Customer Classifications,,,,,,R,ERP,,2010.08.01 13:19:12
LKP_CUSTOMER_CONDITION_GROUPS,Customer Condition Groups,,,,,,R,ERP,,2010.09.28 20:40:25
LKP_CUSTOMER_GROUP,Customer Group,,,,,,R,ERP,,2010.08.01 13:19:12
LKP_CUSTOMER_GROUP_1,Customer Group1,,,,,,R,ERP,,2010.08.01 13:19:12
LKP_CUSTOMER_GROUP_2,Customer Group2,,,,,,R,ERP,,2010.08.01 13:19:12
LKP_CUSTOMER_GROUP_3,Customer Group3,,,,,,R,ERP,,2010.08.01 13:19:12
LKP_CUSTOMER_GROUP_4,Customer Group4,,,,,,R,ERP,,2010.08.01 13:19:12
LKP_CUSTOMER_GROUP_5,Customer Group5,,,,,,R,ERP,,2010.08.01 13:19:12
LKP_CUSTOMER_NUMBER,Customer Number,,,,,,R,ERP,,2010.08.01 13:19:12
LKP_CUSTOMER_PAYM_GUAR_PROC,Customer Payment Guarantee Procedure,,,,,,R,ERP,,2010.08.01 13:19:12
LKP_CUSTOMER_STATISTICS_GROUP,Customer Statistics Group,,,,,,R,ERP,,2010.08.01 13:19:12
LKP_CUSTOMERS_TERMS_OF_PAYMENT,Customers Terms Of Payment,,,,,,R,ERP,,2010.08.01 13:19:12
LKP_CUSTOMS_OFFICE,Foreign Trade Customs Offices,,,,,,R,ERP,,2010.08.01 13:19:12
LKP_CUSTPROC_PP,Customer Proc For Prod Prop,,,,,,R,ERP,,2010.08.01 13:19:12
LKP_D_ACTIVITY_TYPE_CAT,Activity Type Category,,,,,,R,ERP,,2010.08.01 13:19:12
LKP_D_BACKFLUSH_INDICATOR,Backflush Ind,,,,,,R,ERP,,2010.08.01 13:19:12
LKP_D_BOM_CATEGORY,Bom Category,,,,,,R,ERP,,2010.08.01 13:19:12
LKP_D_CONSUMPTION_MODE,Consumption Mode,,,,,,R,ERP,,2010.08.01 13:19:12
LKP_D_COPY_MODEL,Copy Model,,,,,,R,ERP,,2010.08.01 13:19:12
LKP_D_COST_ELEMENT_CATEGORY,Cost Element Category,,,,,,R,ERP,,2010.08.01 13:19:12
LKP_D_DEPENDENCY_TYPE,Dependency Type,,,,,,R,ERP,,2010.08.01 13:19:12
LKP_D_DEPENDENT_REQMTS_IND,Dependent Requirements Ind,,,,,,R,ERP,,2010.08.01 13:19:12
LKP_D_ENTRY_REQUIRED,Entry Required,,,,,,R,ERP,,2010.08.01 13:19:12
LKP_D_EXTERNAL_INTERFACE_A,R/3 DD: values for the domains,,,,,,R,ERP,,2010.08.01 13:19:12
LKP_D_METHOD_FOR_ALT_BOMS,Method For Alt Bo Ms,,,,,,R,ERP,,2010.10.12 15:06:44
LKP_D_MIXED_MRP_INDICATOR,Mixed Mrpind,,,,,,R,ERP,,2010.08.01 13:19:12
LKP_D_PRICE_CONTROL_INDICATOR,Price Control Ind,,,,,,R,ERP,,2010.08.01 13:19:12
LKP_D_PROCUREMENT_TYPE,Procurement Type,,,,,,R,ERP,,2010.08.01 13:19:12
LKP_D_PUR_INFO_REC_CATEGORY,Purchasing Info Rec Category,,,,,,R,ERP,,2010.08.01 13:19:12
LKP_D_REQMTS_GROUPING_IND,Requirements Grouping Ind,,,,,,R,ERP,,2010.08.01 13:19:12
LKP_D_SAFETY_TIME_INDICATOR,Safety Time Ind,,,,,,R,ERP,,2010.08.01 13:19:12
LKP_D_STANDARD_VALUE_FOR_W,D Standard Value For W,,,,,,R,ERP,,2010.08.01 13:19:12
LKP_D_STATUS_MASTER_RECORD,Status Master Record,,,,,,R,ERP,,2010.08.01 13:19:12
LKP_D_URI_TYPE_FLAG,R/3 DD: values for the domains,,,,,,R,ERP,,2010.08.01 13:19:12
LKP_DATE_DISPLAY_FORMAT,External date type,,,,,,R,ERP,,2010.08.01 13:19:12
LKP_DEFAULT_VALUES_FOR_WBS,Default Values For Wbs,,,,,,R,ERP,,2010.08.01 13:19:12
LKP_DEFECT_CODE,Defect Code4gen Reject,,,,,,R,ERP,,2010.08.01 13:19:12
LKP_DELIVERY_BLOCK_REASONS,Deliveries Blocking Reason Criteria,,,,,,R,ERP,,2010.08.01 13:19:12
LKP_DELIVERY_PRIORITY,Delivery Priority,,,,,,R,ERP,,2010.08.01 13:19:12
LKP_DELIVERY_SCHED_TRANS_GROUP,Delivery Scheduling Transp Groups,,,,,,R,ERP,,2010.08.01 13:19:12
LKP_DELIVERY_TIME_CATEGORIES,Delivery Time Categories,,,,,,R,ERP,,2010.08.01 13:19:12
LKP_DELIVERY_TYPE,Delivery Type,,,,,,R,ERP,,2010.08.01 13:19:12
LKP_DEP_KEY,Depreciation key,,,,,,R,ERP,,2010.08.01 13:19:12
LKP_DEPENDENCY_GROUPS,Dependency Maintenance Groups,,,,,,R,ERP,,2010.08.01 13:19:12
LKP_DEPENDENCY_STATUSES,Dependency Maintenance Statuses,,,,,,R,ERP,,2010.08.01 13:19:12
LKP_DEPREC_AREA,Depreciation area real or derived,,,,,,R,ERP,,2010.08.01 13:19:12
LKP_DG_IND_PROFILE_FOR_MAT,Dg Indicator Profiles For Mm Initia,,,,,,R,ERP,,2010.08.01 13:19:12
LKP_DIMENSION_OF_WORK,Dimension Of Work,,,,,,R,ERP,,2010.08.01 13:19:12
LKP_DIP_PROFILE_USAGE,Dipprofile Usage,,,,,,R,ERP,,2010.08.01 13:19:12
LKP_DIST_CHAIN_MAT_STATUS,Dist Chain Mat Status,,,,,,R,ERP,,2010.09.29 10:12:43
LKP_DIST_PROF_MATERIAL_IN_DC,Distribution Profile Of Material In Dc,,,,,,R,ERP,,2010.09.28 13:19:12
LKP_DISTR_CHANNEL_SALES_ORG,Org Unit Distr Channels Per Sales Org,,,,,,R,ERP,,2010.08.01 13:19:12
LKP_DISTR_TYPES_GROSS_INC_TAX,Distribution Types For Gross Income Tax,,,,,,R,ERP,,2010.08.01 13:19:12
LKP_DISTRIBUTION,Distribution of capacity requirements (Planned/prod.order),,,,,,R,ERP,,2010.08.01 13:19:12
LKP_DISTRIBUTION_CHANNEL,Distribution Channel,,,,,,R,ERP,,2010.08.01 13:19:12
LKP_DISTRIBUTION_KEY_IN_MRP,Distribution Key In Mrp,,,,,,R,ERP,,2010.08.01 13:19:12
LKP_DISTRICT,District code for city and street file,,,,,,R,ERP,,2010.08.01 13:19:12
LKP_DIVISION,Division,,,,,,R,ERP,,2010.08.01 13:19:12
LKP_DOC_HEADER_MANU_DOC_ENTRY,Document Header Manual Document Entry,,,,,,R,ERP,,2010.08.01 13:19:12
LKP_DOCUMENT,Document number,,,,,,R,ERP,,2010.08.01 13:19:12
LKP_DOCUMENT_ITEM,Earmarked Funds: Document Item,,,,,,R,ERP,,2010.08.01 13:19:12
LKP_DOCUMENT_TYPE,Document Type,,,,,,R,ERP,,2010.08.01 13:19:12
LKP_DOCUMENT_TYPES,Document Types,,,,,,R,ERP,,2010.08.01 13:19:12
LKP_DUNNING_AREAS,Dunning Areas,,,,,,R,ERP,,2010.08.01 13:19:12
LKP_DUNNING_KEYS,Dunning Keys,,,,,,R,ERP,,2010.08.01 13:19:12
LKP_DUNNING_PROCEDURE,Dunning Procedure,,,,,,R,ERP,,2010.08.01 13:19:12
LKP_DYN_MOD_RULE_HEADER,Dynamic Modification Rule Header,,,,,,R,ERP,,2010.08.01 13:19:12
LKP_DYNAMIC_MOD_LEVEL,Definition Of Dynamic Modification Level,,,,,,R,ERP,,2010.08.01 13:19:12
LKP_EAN_CATEGORY,International Article Number Categories,,,,,,R,ERP,,2010.08.01 13:19:12
LKP_ECM_CHANGE_TYPES,Ecmchange Types,,,,,,R,ERP,,2010.08.01 13:19:12
LKP_EFFICIENCY_RATE,Key for performance efficiency rate,,,,,,R,ERP,,2010.08.01 13:19:12
LKP_EQUIPCATEGORY,Equipment category,,,,,,R,ERP,,2010.08.01 13:19:12
LKP_EQUIPMENT_MASTER_DATA,Equipment Master Data,,,,,,R,ERP,,2010.08.01 13:19:12
LKP_EU_MARKET_PRODUCTS_GROUP,Eumarket Products Group,,,,,,R,ERP,,2010.08.01 13:19:12
LKP_EXCH_RATE_TYPE,Exchange Rate Types For Curr Translation,,,,,,R,ERP,,2010.08.01 13:19:12
LKP_EXP_IMP_MATERIAL_GROUP,Export Import Material Group,,,,,,R,ERP,,2010.08.01 13:19:12
LKP_EXPLOSION_TYPES,Explosion Types,,,,,,R,ERP,,2010.08.01 13:19:12
LKP_EXT_MATERIAL_GROUP,External Material Group,,,,,,R,ERP,,2010.08.01 13:19:12
LKP_EXTERNAL_REQMTS_TYPE,External Requirements Types,,,,,,R,ERP,,2010.08.01 13:19:12
LKP_FACTORY_CALENDAR_ID,Factory Calendar Id,,,,,,R,ERP,,2010.08.01 13:19:12
LKP_FIFM_CMMT_ITEM,Fifmcommitment Item,,,,,,R,ERP,,2010.08.01 13:19:12
LKP_FIFM_FINANCING_CODE,Fifmfinancing Code,,,,,,R,ERP,,2010.08.01 13:19:12
LKP_FINANC_DOC_NO,Documentary Payment Guarantee Header Data,,,,,,R,ERP,,2010.08.01 13:19:12
LKP_FISCAL_YEAR_VARIANTS,Fiscal Year Variants,,,,,,R,ERP,,2010.09.16 13:19:12
LKP_FOREIGN_TRADE_PROCEDURE,Foreign Trade Procedure,,,,,,R,ERP,,2010.08.01 13:19:12
LKP_FORMS_OF_ADDRESS_KEY,Forms of Address (Key) (Business Address Services),,,,,,R,ERP,,2010.08.01 13:19:12
LKP_FORMULA,Formula,,,,,,R,ERP,,2010.08.01 13:19:12
LKP_FORWARD_AGENT_FREIGHT_GRP,Forwarding Agent Freight Group,,,,,,R,ERP,,2010.08.01 13:19:12
LKP_FRACTION_CALC,Fraction Calc,,,,,,R,ERP,,2010.08.01 13:19:12
LKP_FUNCT_LOC_CATEGORY,Functional Location Category,,,,,,R,ERP,,2010.08.01 13:19:12
LKP_FUNCT_LOC_STRUC_IND,Functional Location Struc Ind,,,,,,R,ERP,,2010.08.01 13:19:12
LKP_FUNCTIONAL_AREA,Functional Areas,,,,,,R,ERP,,2010.09.28 15:32:21
LKP_FUNCTIONAL_LOCATION,Functional Location,,,,,,R,ERP,,2010.09.29 10:12:43
LKP_FUNDS_CENTER_MASTER_RECORD,Funds Center Master Record,,,,,,R,ERP,,2010.08.01 13:19:12
LKP_GENERAL_LEDGER_ACCOUNT,General Ledger Account,,,,,,R,ERP,,2010.08.01 13:19:12
LKP_GLOBAL_COMPANY_DATA,Global Company Data,,,,,,R,ERP,,2010.08.01 13:19:12
LKP_GLOBAL_VALUATION_TYPES,Global Valuation Types,,,,,,R,ERP,,2010.08.01 13:19:12
LKP_GRANT_MASTER,Grant Master,,,,,,R,ERP,,2010.08.01 13:19:12
LKP_GROUPING_KEY_AUTO_PAY,Grouping Rules For Auto Payments,,,,,,R,ERP,,2010.08.01 13:19:12
LKP_GROUPING_KEY_DUNN_NOTICES,Grouping Rules For Dunning Notices,,,,,,R,ERP,,2010.08.01 13:19:12
LKP_GRP_REFERENCE_RQT_PROC,Group Reference Rqtprocedures,,,,,,R,ERP,,2010.08.01 13:19:12
LKP_HANDLING_INDICATOR,Handling Indicator,,,,,,R,ERP,,2010.08.01 13:19:12
LKP_HANDLING_UNIT_TYPES,Handling Unit Types,,,,,,R,ERP,,2010.08.01 13:19:12
LKP_HAZARDOUS_MATERIALS,Hazardous Materials,,,,,,R,ERP,,2010.08.01 13:19:12
LKP_HOUSE_BANK_ACCOUNTS,House Bank Accounts,,,,,,R,ERP,,2010.08.01 13:19:12
LKP_HOUSE_BANKS,House Banks,,,,,,R,ERP,,2010.08.01 13:19:12
LKP_ID_TYPE,BP ID Types,,,,,,R,ERP,,2010.08.01 13:19:12
LKP_IMPORT_PROC_ANTI_DUMPING,Import Processing Anti Dumping Code,,,,,,R,ERP,,2010.08.01 13:19:12
LKP_IMPORT_PROC_CAS_NO_PHARM,Import Processing Cas Num Pharm Prods,,,,,,R,ERP,,2010.08.01 13:19:12
LKP_IMPORT_PROC_CEILING_NUMBER,Import Processing Quota Or Ceiling Num,,,,,,R,ERP,,2010.08.01 13:19:12
LKP_IMPORT_PROC_CONTROL_CODE,Import Processing Control Code,,,,,,R,ERP,,2010.08.01 13:19:12
LKP_IMPORT_PROC_CUSTOMS_QUOTA,Import Processing Customs Quota Codes,,,,,,R,ERP,,2010.09.28 13:26:20
LKP_IMPORT_PROC_PHARMACEU_PROD,Import Processing Pharm Prods Code,,,,,,R,ERP,,2010.08.01 13:19:12
LKP_INCOTERMS_PART1,Inco Terms,,,,,,R,ERP,,2010.08.01 13:19:12
LKP_IND_CTRL_KEY,Indicator Control Key,,,,,,R,ERP,,2010.08.01 13:19:12
LKP_IND_EXT_NUMBERING,Ind Ext Num For Test Units In Results Recording,,,,,,R,ERP,,2010.08.01 13:19:12
LKP_IND_FOR_PERIOD_ACC_STMTS,Bank Statement,,,,,,R,ERP,,2010.08.01 13:19:12
LKP_INDUSTRIES,Industries,,,,,,R,ERP,,2010.08.01 13:19:12
LKP_INDUSTRY,BP Industry Key,,,,,,R,ERP,,2010.08.01 13:19:12
LKP_INDUSTRY_CODE,Industry Code,,,,,,R,ERP,,2010.08.01 13:19:12
LKP_INDUSTRY_SECTOR,Industry Sector,,,,,,R,ERP,,2010.08.01 13:19:12
LKP_INDUSTRY_SYSTEM,BP Industry Key Systems,,,,,,R,ERP,,2010.08.01 13:19:12
LKP_INFLATION_INDEX,Inflation Index,,,,,,R,ERP,,2010.08.01 13:19:12
LKP_INPUT_PROCESSNG_QM,Input Processing In Results Record Qm,,,,,,R,ERP,,2010.08.01 13:19:12
LKP_INSPECTION_METHOD,Inspection Method,,,,,,R,ERP,,2010.08.01 13:19:12
LKP_INSPECTION_POINT,Inspection Point,,,,,,R,ERP,,2010.08.01 13:19:12
LKP_INSPECTION_TYPE,Inspection Type,,,,,,R,ERP,,2010.08.01 13:19:12
LKP_INSPECTOR_QUAL,Inspector Qual,,,,,,R,ERP,,2010.08.01 13:19:12
LKP_INTEREST_PROFILE,Interest Profile,,,,,,R,ERP,,2010.08.01 13:19:12
LKP_INTEREST_SETTLEMENT,Interest Settlement,,,,,,R,ERP,,2010.08.01 13:19:12
LKP_INTERNAL_RECOVERY_INDCTR,Internal Recovery Indicator,,,,,,R,ERP,,2010.08.01 13:19:12
LKP_INVESTMENT_TYPE,Investment Type,,,,,,R,ERP,,2010.08.01 13:19:12
LKP_ISO_CODES_UNITS_OF_MSRMNT,Isocodes For Units Of Measurement,,,,,,R,ERP,,2010.08.01 13:19:12
LKP_ITEM_CAT_GROUP_MATERIAL,Item Cat Group From Mat Master,,,,,,R,ERP,,2010.08.01 13:19:12
LKP_ITEM_CATEGORY,Item Category,,,,,,R,ERP,,2010.08.01 13:19:12
LKP_ITEM_CATEGORY_PURCHASING,Item Category In Purchasing Document,,,,,,R,ERP,,2010.09.28 15:32:21
LKP_JIB_JIBE_CLASS,Jibjibeclass,,,,,,R,ERP,,2010.09.29 10:12:43
LKP_JIB_JIBE_SUBCLASS,Jibjibesubclass,,,,,,R,ERP,,2010.08.01 13:19:12
LKP_JOINT_VENTURE,Joint Venture,,,,,,R,ERP,,2010.08.01 13:19:12
LKP_KEY_FOR_TASK_LIST,Key For Task List,,,,,,R,ERP,,2010.08.01 13:19:12
LKP_KEY_WORD_ID_PS_USER_FIELDS,Key Word Idfor Psuser Fields,,,,,,R,ERP,,2010.08.01 13:19:12
LKP_KNOWN_NEGOTIATED_LEAVE,Known Negotiated Leave,,,,,,R,ERP,,2010.08.01 13:19:12
LKP_LABOR_DESIGN_OFFICE,Laboratory Design Office,,,,,,R,ERP,,2010.08.01 13:19:12
LKP_LANGUAGE,Language,,,,,,R,ERP,,2010.08.01 13:19:12
LKP_LEGAL_FORM,BP legal forms,,,,,,R,ERP,,2010.08.01 13:19:12
LKP_LEGAL_STATUS,Legal Status,,,,,,R,ERP,,2010.08.01 13:19:12
LKP_LOADING_GROUP,Loading Group,,,,,,R,ERP,,2010.08.01 13:19:12
LKP_LOCATION_GROUP,Location group,,,,,,R,ERP,,2010.08.01 13:19:12
LKP_LOCKBOXES_AT_HOUSE_BANKS,Lockboxes At Our House Banks,,,,,,R,ERP,,2010.08.01 13:19:12
LKP_LOGICAL_SYSTEM,Logical System,,,,,,R,ERP,,2010.09.28 13:30:07
LKP_LOGICAL_TIME,Logical time,,,,,,R,ERP,,2010.09.28 15:32:21
LKP_LOGISTICS_GROUP,Logistics Handling Group For Workload Calc,,,,,,R,ERP,,2010.08.01 13:19:12
LKP_LOGON_DATA_KERNEL_SIDE_USE,Logon Data Kernel Side Use,,,,,,R,ERP,,2010.08.01 13:19:12
LKP_LOT_CREATION_ALLOWED_VALUE,Lot Creation Allowed Values For The Origin,,,,,,R,ERP,,2013.05.20 10:12:00
LKP_LOT_SIZE,Lot Size,,,,,,R,ERP,,2014.11.05 10:12:00
LKP_MAIN_ASSET_NUMBER,Main Asset Number,,,,,,R,ERP,,2014.11.05 10:12:00
LKP_MAINT_AUTHORIZATIONS,Authorizations For Maintaining Dependencies,,,,,,R,ERP,,2014.11.05 10:12:00
LKP_MAINTENANCE_PLANNER_GROUPS,Maintenance Planner Groups,,,,,,R,ERP,,2014.11.05 10:12:00
LKP_MARITAL_STATUS_DESIGNATORS,Marital Status Designators,,,,,,R,ERP,,2014.11.05 10:12:00
LKP_MASTER_COST_OBJECT_NUMBER,Master Record Cost Object Idnumber,,,,,,R,ERP,,2014.11.05 10:12:00
LKP_MASTER_INSPECT_CHARS,Master Inspection Chars,,,,,,R,ERP,,2014.11.05 10:12:01
LKP_MASTER_RECORD_LIFO_POOLS,Master Record Lifo Pools,,,,,,R,ERP,,2014.11.05 10:12:02
LKP_MATERIAL_COMPLETION_LEVELS,Material Completion Levels,,,,,,R,ERP,,2014.11.05 10:12:03
LKP_MATERIAL_FREIGHT_GROUPS,Material Freight Groups,,,,,,R,ERP,,2014.11.10 16:16:04
LKP_MATERIAL_GROUP,Material Group,,,,,,R,ERP,,2014.11.10 16:16:04
LKP_MATERIAL_MRP_PROFILES,Material Mrp Profiles,,,,,,R,ERP,,2014.11.10 16:16:04
LKP_MATERIAL_NUMBER,Material Number,,,,,,R,ERP,,2014.11.10 16:16:04
LKP_MATERIAL_PRICING_GROUP,Material Pricing Group,,,,,,R,ERP,,2014.11.10 16:16:04
LKP_MATERIAL_PRICING_GROUP_1,Material Pricing Group1,,,,,,R,ERP,,2014.11.10 16:16:04
LKP_MATERIAL_PRICING_GROUP_2,Material Pricing Group2,,,,,,R,ERP,,2014.11.10 16:16:04
LKP_MATERIAL_PRICING_GROUP_3,Material Pricing Group3,,,,,,R,ERP,,2014.11.10 16:16:04
LKP_MATERIAL_PRICING_GROUP_4,Material Pricing Group4,,,,,,R,ERP,,2014.11.06 17:51:00
LKP_MATERIAL_PRICING_GROUP_5,Material Pricing Group5,,,,,,R,ERP,,2014.11.06 17:51:00
LKP_MATERIAL_STATISTICS_GROUP,Material Statistics Group,,,,,,R,ERP,,2014.11.06 17:51:00
LKP_MATERIAL_TYPE,Material Type,,,,,,R,ERP,,2014.11.06 17:51:00
LKP_MATL_GRP_PCKMAT,Material Group Packaging Materials Initia,,,,,,R,ERP,,2014.11.06 17:51:00
LKP_MFG_PART_CONTROL_PROFILE,Control Profile For Mfg Part Num Mgmt,,,,,,R,ERP,,2014.11.06 17:51:00
LKP_MGMT_CONTRACT,Management contract: General data,,,,,,R,ERP,,2014.11.06 17:51:00
LKP_MGMT_IDOCSTATUS,IDOC Status,,,,,,R,ERP,,2014.11.06 17:51:00
LKP_MINORITY_INDICATOR,Minority Indicator,,,,,,R,ERP,,2014.11.13 00:00:00
LKP_MODEOFTR_BORDER,Foreign Trade Modes Of Transport,,,,,,R,ERP,,2014.12.23 00:00:00
LKP_MOVEMENT_TYPE,Movement Type,,,,,,R,ERP,,2014.12.23 00:00:00
LKP_MRP_AREA,MRP Area,,,,,,R,ERP,,2014.12.23 00:00:00
LKP_MRP_CONTROLLER,Mrp Controller,,,,,,R,ERP,,2014.12.23 00:00:00
LKP_MRP_GROUP,Mrp Group,,,,,,R,ERP,,2014.12.23 00:00:00
LKP_MRP_TYPE,Mrp Type,,,,,,R,ERP,,2014.12.23 00:00:00
LKP_MULT_SPECI_OBJECT_TYPE,Types For Multiple Specification Objects,,,,,,R,ERP,,2014.12.23 00:00:00
LKP_NAME_SUPPLEMENT,Name Suffixes/Title (Key) (Business Address Services),,,,,,R,ERP,,2014.12.23 00:00:00
LKP_NETWORK_DEFAULTS,Network Defaults,,,,,,R,ERP,,2014.12.23 00:00:00
LKP_NIELSEN_ID,Nielsen Id,,,,,,R,ERP,,2014.12.23 00:00:00
LKP_NUMBER_OF_CAP_PROD_LIST,Number Of Capproducts List,,,,,,R,ERP,,2014.12.23 00:00:00
LKP_OBJ_MULT_SPECS,Objects For Multiple Specifications,,,,,,R,ERP,,2014.12.23 00:00:00
LKP_OBJECT_TYPES_FOR_ACCTNG,Object Types For Accounting,,,,,,R,ERP,,2014.12.23 00:00:00
LKP_ORDER_MASTER_DATA,Order Master Data,,,,,,R,ERP,,2014.12.23 00:00:00
LKP_ORDER_TYPES,Order Types,,,,,,R,ERP,,2014.12.23 00:00:00
LKP_ORG_UNIT_SALES_AREAS,Org Unit Sales Areas,,,,,,R,ERP,,2014.12.23 00:00:00
LKP_ORG_UNIT_SHIPPING_POINTS,Organizational Unit Shipping Points,,,,,,R,ERP,,2014.12.23 00:00:00
LKP_ORGAL_UNIT_SALES_GROUPS,Org Unit Sales Group,,,,,,R,ERP,,2014.12.23 00:00:00
LKP_ORIGIN_IN_CO_OBJECT,Origin In Co Object,,,,,,R,ERP,,2014.12.23 00:00:00
LKP_ORIGIN_OF_RESULTS_DATA,Origin Of Results Data,,,,,,R,ERP,,2014.12.23 00:00:00
LKP_OVERHEAD_GROUPS,Overhead Groups,,,,,,R,ERP,,2014.12.23 00:00:00
LKP_PACKAGING_MATERIAL_TYPES,Packaging Material Types,,,,,,R,ERP,,2014.12.23 00:00:00
LKP_PARTNER_FUNCTION,Partner Function,,,,,,R,ERP,,2014.12.23 00:00:00
LKP_PAYM_GUAR_PROC,Payment Guarantee Procedure,,,,,,R,ERP,,2014.12.23 00:00:00
LKP_PAYMENT_CARDS_MERCHANT_ID,Payment Cards Merchant Id,,,,,,R,ERP,,2014.12.23 00:00:00
LKP_PAYMENT_CARDS_TYPE,Payment Cards Type,,,,,,R,ERP,,2014.12.23 00:00:00
LKP_PAYMENT_METHOD,Payment Method,,,,,,R,ERP,,2014.12.23 00:00:00
LKP_PAYMENT_METHOD_SUPPLEMENTS,Payment Method Supplements,,,,,,R,ERP,,2014.12.23 00:00:00
LKP_PERIOD_PROFILE_FOR_ST,Period Profile For Safety Time,,,,,,R,ERP,,2014.12.23 00:00:00
LKP_PERSON_RESPOND_4_WORK_CTR,Person Respon4work Ctr,,,,,,R,ERP,,2014.12.23 00:00:00
LKP_PERSON_RESPONS_FOR_PROJ,Person In Responsible For Proj,,,,,,R,ERP,,2014.12.23 00:00:00
LKP_PICKING_AREA,Picking Area,,,,,,R,ERP,,2014.12.23 00:00:00
LKP_PLAN_DEL_SCHED_INS,Planning Delivery Schedule Instructions,,,,,,R,ERP,,2014.12.23 00:00:00
LKP_PLANNER_GROUP,Planner Group,,,,,,R,ERP,,2014.12.23 00:00:00
LKP_PLANNING_GROUPS,Planning Groups,,,,,,R,ERP,,2014.12.23 00:00:00
LKP_PLANNING_PLANT_PARAMETERS,Planning Plant Parameters,,,,,,R,ERP,,2014.12.23 00:00:00
LKP_PLANNING_STRATEGY_GROUP,Planning Strategy Group,,,,,,R,ERP,,2014.12.23 00:00:00
LKP_PLANT,Plant,,,,,,R,ERP,,2014.12.23 00:00:00
LKP_PLANT_SECTION,Plant section,,,,,,R,ERP,,2014.12.23 00:00:00
LKP_PP_PLANNING_PERIODS_HEADER,Ppplanning Periods Header Table,,,,,,R,ERP,,2014.12.23 00:00:00
LKP_PPSFC_ORDER_PROFILE,Ppsfc Order Profile,,,,,,R,ERP,,2014.12.23 00:00:00
LKP_PREFERENCE_TYPE,Foreign Trade Preference Type,,,,,,R,ERP,,2014.12.23 00:00:00
LKP_PREFERENCE_ZONE,Preference Zone,,,,,,R,ERP,,2014.12.23 00:00:00
LKP_PREFIX,Name Prefixes (Business Address Services),,,,,,R,ERP,,2014.12.23 00:00:00
LKP_PRICE_INDICATOR,Price Indicator,,,,,,R,ERP,,2014.12.23 00:00:00
LKP_PRICE_MARKING_AGREEMENT,Price Marking Agreement,,,,,,R,ERP,,2014.12.23 00:00:00
LKP_PRICELISTTYPE,Price List Type,,,,,,R,ERP,,2014.12.23 00:00:00
LKP_PRICING_GROUP_CUST,Pricing Group Customer,,,,,,R,ERP,,2014.12.23 00:00:00
LKP_PRICING_PROCEDURE_CUSTOMER,Pricing Procedure,,,,,,R,ERP,,2014.12.23 00:00:00
LKP_PRICING_PROCEDURES_T683,Pricing Procedures T683,,,,,,R,ERP,,2014.12.23 00:00:00
LKP_PRIORITY,Priority,,,,,,R,ERP,,2014.12.23 00:00:00
LKP_PROACT_CONTROL_PROF,Ctrl Profiles For Transfering Mat Data To Vend,,,,,,R,ERP,,2014.12.23 00:00:00
LKP_PROCESS_GROUP_FOR_ORDERS,Processing Group For Orders,,,,,,R,ERP,,2014.12.23 00:00:00
LKP_PROD_ALLOCATION,Product Allocation Definition Procedure,,,,,,R,ERP,,2014.12.23 00:00:00
LKP_PROD_VERSION_OF_MATERIAL,Production Versions Of Material,,,,,,R,ERP,,2014.12.23 00:00:00
LKP_PRODCOM_NO,Foreign Trade Prodcom Gp Number,,,,,,R,ERP,,2014.12.23 00:00:00
LKP_PRODUCT_CATALOG,Product Catalog,,,,,,R,ERP,,2014.12.23 00:00:00
LKP_PRODUCT_HIERARCHY,Product Hierarchy,,,,,,R,ERP,,2014.12.23 00:00:00
LKP_PRODUCTION_SCHEDULER,Production Scheduler,,,,,,R,ERP,,2014.12.23 00:00:00
LKP_PROFILE,Profile,,,,,,R,ERP,,2014.12.23 00:00:00
LKP_PROFIT_CENTER_MASTER_DATA,Profit Center Master Data Table,,,,,,R,ERP,,2014.12.23 00:00:00
LKP_PROJECT_APPLICANT,Project Applicant,,,,,,R,ERP,,2014.12.23 00:00:00
LKP_PROJECT_TYPES,Project Types,,,,,,R,ERP,,2014.12.23 00:00:00
LKP_PROMOTION_HEADER_DATA_IS_R,Promotion header data is R,,,,,,R,ERP,,2014.12.23 00:00:00
LKP_PROPERTY_MASTER,Property master data,,,,,,R,ERP,,2014.12.23 00:00:00
LKP_PRT_CATEGORY,Production resources/tools category,,,,,,R,ERP,,2014.12.23 00:00:00
LKP_PRT_CONTROL_KEY,Control key for management of production resources/tools,,,,,,R,ERP,,2014.12.23 00:00:00
LKP_PURCHASE_INFO_REC_GEN_DATA,Purch Info Rec Gen Data,,,,,,R,ERP,,2014.12.23 00:00:00
LKP_PURCHASE_REQUISITION,Purchase Requisition,,,,,,R,ERP,,2014.12.23 00:00:00
LKP_PURCHASING_DOCUMENT_HEADER,Purchasing Document Header,,,,,,R,ERP,,2014.12.23 00:00:00
LKP_PURCHASING_DOCUMENT_ITEM,Purchasing Document Item,,,,,,R,ERP,,2014.12.23 00:00:00
LKP_PURCHASING_DOCUMENT_TYPES,Purchasing Document Types,,,,,,R,ERP,,2014.12.23 00:00:00
LKP_PURCHASING_GROUP,Purchasing Group,,,,,,R,ERP,,2014.12.23 00:00:00
LKP_PURCHASING_ORGANIZATION,Purchasing Organization,,,,,,R,ERP,,2014.12.23 00:00:00
LKP_PURCHASING_VALUE_KEY,Purchasing Value Key,,,,,,R,ERP,,2014.12.23 00:00:00
LKP_PYMT_METHOD,Payment Method,,,,,,R,ERP,,2014.12.23 00:00:00
LKP_QDR_SYSTEM,Subsystem Identifier for QM Subsystem Interface,,,,,,R,ERP,,2014.12.23 00:00:00
LKP_QM_MAT_AUTH_GROUP,Mat Auth Group For Activities In Qm,,,,,,R,ERP,,2014.12.23 00:00:00
LKP_QUALITY_NOTIFICATION,Quality Notification,,,,,,R,ERP,,2014.12.23 00:00:00
LKP_QUALITY_SCORE_PROC,Proc For Calc The Quality Score,,,,,,R,ERP,,2014.12.23 00:00:00
LKP_QUOTA_ARRANGEMENT_RULES,Quota Arrangement Rules,,,,,,R,ERP,,2014.12.23 00:00:00
LKP_RANGE_OF_COVERAGE_PROFILE,Range Of Coverage Profile,,,,,,R,ERP,,2014.12.23 00:00:00
LKP_REASON_FOR_CANCELLATION,Reason For Cancellation,,,,,,R,ERP,,2014.12.23 00:00:00
LKP_REASON_FOR_INVESTMENT,Reason For Investment,,,,,,R,ERP,,2014.12.23 00:00:00
LKP_REASON_FOR_MOVEMENT,Reason For Movement,,,,,,R,ERP,,2014.12.23 00:00:00
LKP_REASONS_FOR_ORDERING,Reasons For Ordering,,,,,,R,ERP,,2014.12.23 00:00:00
LKP_RECIPIENT_TYPE_VENDORS,Vendor Recipient Type,,,,,,R,ERP,,2014.12.23 00:00:00
LKP_RECON_ACCOUNT_CUSTOMER,Recon Account Customer,,,,,,R,ERP,,2014.12.23 00:00:00
LKP_RECON_ACCOUNT_VENDOR,Recon Account Vendor,,,,,,R,ERP,,2014.12.23 00:00:00
LKP_RECOVERY_INDICATOR,Recovery Indicator,,,,,,R,ERP,,2014.12.23 00:00:00
LKP_REDUCTION_STRATEGIES,Reduction Strategies,,,,,,R,ERP,,2014.12.23 00:00:00
LKP_REFERENCE_DATE,Key for reference dates used in offset scheduling,,,,,,R,ERP,,2014.12.23 00:00:00
LKP_REFERENCE_POINT_BOM_TRANS,Reference Point For Bomtransfer,,,,,,R,ERP,,2014.12.23 00:00:00
LKP_REFERENCE_TYPE,Reference type,,,,,,R,ERP,,2014.12.23 00:00:00
LKP_REG_STR_GRP,Regional structure grouping,,,,,,R,ERP,,2014.12.23 00:00:00
LKP_RELEASE_GROUPS,Release Groups,,,,,,R,ERP,,2014.12.23 00:00:00
LKP_RELEASE_IND_PUR_DOC,Release Indicator Purchasing Document,,,,,,R,ERP,,2014.12.23 00:00:00
LKP_REM_PROFILE,Repetitive Manufacturing Profile Table,,,,,,R,ERP,,2014.12.23 00:00:00
LKP_RENT_UNIT_NUM,Rental unit - Master data,,,,,,R,ERP,,2014.12.23 00:00:00
LKP_REQMT_URGENCY,Requirement Urgency,,,,,,R,ERP,,2014.12.23 00:00:00
LKP_RESERVATION_DEP_REQMTS,Reservation Dependent Requirements,,,,,,R,ERP,,2014.12.23 00:00:00
LKP_RESPONSIBILITY_SD,Responsibilities In Sales And Distribution,,,,,,R,ERP,,2014.12.23 00:00:00
LKP_RETURN_AGREEMENTS,Return Agreements,,,,,,R,ERP,,2014.12.23 00:00:00
LKP_ROUNDING_PROFILE,Rounding Profile,,,,,,R,ERP,,2014.12.23 00:00:00
LKP_ROUTES,Routes,,,,,,R,ERP,,2014.12.23 00:00:00
LKP_ROUTES_SHIPPING_TYPE,Routes Mode Of Transport For Shipping Type,,,,,,R,ERP,,2014.12.23 00:00:00
LKP_RSN_CODE_CONV,Reason Code Conversion Version,,,,,,R,ERP,,2014.12.23 00:00:00
LKP_RSN_ENVIR_INVEST,Reasons For Environmental Investment,,,,,,R,ERP,,2014.12.23 00:00:00
LKP_RSN_REVERSAL_POSTING,Reasons for Reverse Posting,,,,,,R,ERP,,2014.12.23 00:00:00
LKP_SALES_DISTRICT,Sales District,,,,,,R,ERP,,2014.12.23 00:00:00
LKP_SALES_DOC_BLOCKING_REASONS,Sales Doc Blocking Reasons,,,,,,R,ERP,,2014.12.23 00:00:00
LKP_SALES_DOC_ITEM_CATEGORY,Sales Documents Item Categories,,,,,,R,ERP,,2014.12.23 00:00:00
LKP_SALES_DOC_ITEM_STATUS,Sales Document Item Status,,,,,,R,ERP,,2014.12.23 00:00:00
LKP_SALES_DOC_ORD_TYPE,Sales Documents Customer Order Types,,,,,,R,ERP,,2014.12.23 00:00:00
LKP_SALES_DOC_ORDER_REASON,Sales Documents Order Reasons,,,,,,R,ERP,,2014.12.23 00:00:00
LKP_SALES_DOC_REJECTIONREASON,Sales Documents Rejection Reasons,,,,,,R,ERP,,2014.12.23 00:00:00
LKP_SALES_DOC_SCHEDULE_LINE,Sales Document Schedule Line Data,,,,,,R,ERP,,2014.12.23 00:00:00
LKP_SALES_DOCUMENT,Sales Doc Header Status And Admin Data,,,,,,R,ERP,,2014.12.23 00:00:00
LKP_SALES_DOCUMENT_TYPES,Sales Document Types,,,,,,R,ERP,,2014.12.23 00:00:00
LKP_SALES_GROUP,Sales Group,,,,,,R,ERP,,2014.12.23 00:00:00
LKP_SALES_OFFICE,Sales Office,,,,,,R,ERP,,2014.12.23 00:00:00
LKP_SALES_OFFICE_ORG_UNIT,Sales Office Assignment To Org Unit,,,,,,R,ERP,,2014.12.23 00:00:00
LKP_SALES_ORGANISATION,Sales Organisation,,,,,,R,ERP,,2014.12.23 00:00:00
LKP_SALES_REBATE_GROUPS,Sales Rebate Groups,,,,,,R,ERP,,2014.12.23 00:00:00
LKP_SAMPLE_DRAW_PORC,Sample Drawing Proc,,,,,,R,ERP,,2014.12.23 00:00:00
LKP_SAMPLE_PROC_INSP,Sample Proc Inspect Char,,,,,,R,ERP,,2014.12.23 00:00:00
LKP_SCALE_OF_INVEST_OBJECTS,Scale Of Investment Objects,,,,,,R,ERP,,2014.12.23 00:00:00
LKP_SCB_RATIOS,Scb Ratios,,,,,,R,ERP,,2014.12.23 00:00:00
LKP_SCHED_LINE_CAT,Sales Document Schedule Line Categories,,,,,,R,ERP,,2014.12.23 00:00:00
LKP_SCHEDMARGIN_KEY,Scheduling Markin Key For Floats,,,,,,R,ERP,,2014.12.23 00:00:00
LKP_SCHEMA_GRP_VNDR,Group For Calculation Schema,,,,,,R,ERP,,2014.12.23 00:00:00
LKP_SECTION_CODE,Section Code,,,,,,R,ERP,,2014.12.23 00:00:00
LKP_SELECTION_RULE_PMT_ADVICES,Selection Rules For Payment Advices,,,,,,R,ERP,,2014.12.23 00:00:00
LKP_SERIAL_NUMBER_PROFILE,Serial Number Profile,,,,,,R,ERP,,2014.12.23 00:00:00
LKP_SERV_AGNT_PROC_GRP,Service Agent Proc Grp For Shipment Costs,,,,,,R,ERP,,2014.12.23 00:00:00
LKP_SERVICE_CATEGORY,Service Category,,,,,,R,ERP,,2014.12.23 00:00:00
LKP_SERVICE_CHARGE_KEY,Definition of Service Charge Keys,,,,,,R,ERP,,2014.12.23 00:00:00
LKP_SERVICE_MASTER_BASIC_DATA,Service Master Basic Data,,,,,,R,ERP,,2014.12.23 00:00:00
LKP_SERVICE_PACKAGE_HEADER,Service Package Header Data,,,,,,R,ERP,,2014.12.23 00:00:00
LKP_SETTLEMENT_UNIT,Settlement Unit Master Record,,,,,,R,ERP,,2014.12.23 00:00:00
LKP_SETUP_GROUP_CATEGORIES,Setup Group Categories,,,,,,R,ERP,,2014.12.23 00:00:00
LKP_SETUP_GROUP_KEYS,Setup Group Keys,,,,,,R,ERP,,2014.12.23 00:00:00
LKP_SETUP_TYPE_KEY,Setup Type Keys,,,,,,R,ERP,,2014.12.23 00:00:00
LKP_SEVERAL_OBJ_ONE_CLASS_TYPE,Several Obj In One Class Type,,,,,,R,ERP,,2014.12.23 00:00:00
LKP_SHIPPING_CONDITIONS,Shipping Condition,,,,,,R,ERP,,2014.12.23 00:00:00
LKP_SHIPPING_INSTR_PURCHASING,Shipping Instructions Purchasing,,,,,,R,ERP,,2014.12.23 00:00:00
LKP_SLED_PERIOD_INDICATOR,Sled Period Indicator Initia,,,,,,R,ERP,,2014.12.23 00:00:00
LKP_SORT_KEY,Sort Key,,,,,,R,ERP,,2014.12.23 00:00:00
LKP_SOURCE_OF_SUPPLY_KEYS,Source Of Supply Keys,,,,,,R,ERP,,2014.12.23 00:00:00
LKP_SPARE_PART_INDICATORS,Spare Part Indicators,,,,,,R,ERP,,2014.12.23 00:00:00
LKP_SPC_CRITERION,Spccriterion,,,,,,R,ERP,,2014.12.23 00:00:00
LKP_SPEC_PROCESSING_IND,Special Processing Indicator,,,,,,R,ERP,,2014.12.23 00:00:00
LKP_SPECIAL_GL_INDICATOR,Special Glindicator,,,,,,R,ERP,,2014.12.23 00:00:00
LKP_SPECIAL_MOVEMENT_IND,Special Movement Indicators,,,,,,R,ERP,,2014.12.23 00:00:00
LKP_SPECIAL_PROCUREMENT_KEY,Special Procurement Key,,,,,,R,ERP,,2014.12.23 00:00:00
LKP_SPECIAL_STOCK_IND,Special Stock Indicator,,,,,,R,ERP,,2014.12.23 00:00:00
LKP_SPLIT_UP_FORECAST_REQMTS,Split Up For Forecast Requirements,,,,,,R,ERP,,2014.12.23 00:00:00
LKP_STANDARD_TEXTS_FOR_ROUTING,Standard Texts For Routing,,,,,,R,ERP,,2014.12.23 00:00:00
LKP_STANDARD_VALUE_KEY,Standard Value Key,,,,,,R,ERP,,2014.12.23 00:00:00
LKP_STAT_GRP_AGENT,Shipment Stat Grp Transport Service Agent,,,,,,R,ERP,,2014.12.23 00:00:00
LKP_STAT_KEY_FIG,Statistical key figures,,,,,,R,ERP,,2014.12.23 00:00:00
LKP_STATUS,Status,,,,,,R,ERP,,2014.12.23 00:00:00
LKP_STATUS_CONFIG_OBJECTS,Statuses For Configurable Objects,,,,,,R,ERP,,2014.12.23 00:00:00
LKP_STD_VAL_CALCUL_TYPE,Standard Times Calculation Type,,,,,,R,ERP,,2014.12.23 00:00:00
LKP_STOCK_DETERMINATION_GROUP,Stock Determination Group,,,,,,R,ERP,,2014.12.23 00:00:00
LKP_STOR_CONDITIONS_MATERIALS,Storage Conditions For Materials Initia,,,,,,R,ERP,,2014.12.23 00:00:00
LKP_STORAGE_BIN,WM Storage Bin Types,,,,,,R,ERP,,2014.12.23 00:00:00
LKP_STORAGE_BIN_LAGP,Storage Bin,,,,,,R,ERP,,2014.12.23 00:00:00
LKP_STORAGE_LOCATION,Storage Location,,,,,,R,ERP,,2014.12.23 00:00:00
LKP_STORAGE_SECTION_IND,Storage Section Ind,,,,,,R,ERP,,2014.12.23 00:00:00
LKP_STORAGE_TYPE,Storage Type,,,,,,R,ERP,,2014.12.23 00:00:00
LKP_STORAGE_TYPE_INDICATOR,Storage Type Ind,,,,,,R,ERP,,2014.12.23 00:00:00
LKP_STREET_NUMBER,Street Number for City/Street File,,,,,,R,ERP,,2014.12.23 00:00:00
LKP_STREET_TYPE,Street type abbreviation,,,,,,R,ERP,,2014.12.23 00:00:00
LKP_SUB_ITEM_CAT_PURCHASING,Sub Item Category In Purchasing,,,,,,R,ERP,,2014.12.23 00:00:00
LKP_SUBPROJECTS,Subprojects,,,,,,R,ERP,,2014.12.23 00:00:00
LKP_SUPPLY_AREA,Supply Area,,,,,,R,ERP,,2014.12.23 00:00:00
LKP_TABLE_RESTRICTION_PROFILE,Restriction Profile For Po Based Load Bldg,,,,,,R,ERP,,2014.12.23 00:00:00
LKP_TARGET_QM_SYS,Required Qmsystem For Vendor,,,,,,R,ERP,,2014.12.23 00:00:00
LKP_TASK_LIST_TYPE,Task List Type,,,,,,R,ERP,,2014.12.23 00:00:00
LKP_TASK_LIST_USAGE,Task List Usage,,,,,,R,ERP,,2014.12.23 00:00:00
LKP_TAX_CALC_SUB_TRIB_GROUP,Tax Calc Sub Trib Cust Group,,,,,,R,ERP,,2014.12.23 00:00:00
LKP_TAX_CATEGORY,Tax Category,,,,,,R,ERP,,2014.12.23 00:00:00
LKP_TAX_CLASSIFIC_MATERIAL,Tax Classification Material,,,,,,R,ERP,,2014.12.23 00:00:00
LKP_TAX_CODE,Tax Code,,,,,,R,ERP,,2014.12.23 00:00:00
LKP_TAX_IND_ACC_ASS,Taxes Account Assignment Purchasing,,,,,,R,ERP,,2014.12.23 00:00:00
LKP_TAX_JURISDICTION_CODE,Tax Jurisdiction Code,,,,,,R,ERP,,2014.12.23 00:00:00
LKP_TAX_LAW_ICMS,Tax Law Icms,,,,,,R,ERP,,2014.12.23 00:00:00
LKP_TAX_LAW_IPI,Tax Law Ipi,,,,,,R,ERP,,2014.12.23 00:00:00
LKP_TAX_TYPES,Tax Types,,,,,,R,ERP,,2014.12.23 00:00:00
LKP_TAXCLASSIFICATION,Tax Classification,,,,,,R,ERP,,2014.12.23 00:00:00
LKP_TAXES_MATERIAL_PURCHASING,Taxes Material Purchasing,,,,,,R,ERP,,2014.12.23 00:00:00
LKP_TAXES_PLANT_PURCHASING,Taxes Plant Purchasing,,,,,,R,ERP,,2014.12.23 00:00:00
LKP_TECH_OJB_AUTHORIZ_GROUP,Technical Object Authorization Group,,,,,,R,ERP,,2014.12.23 00:00:00
LKP_TEMPERATURE_STORING_MAT,Temperature Conditions For Storing Materials,,,,,,R,ERP,,2014.12.23 00:00:00
LKP_TEMPLATE,Template,,,,,,R,ERP,,2014.12.23 00:00:00
LKP_TERMS_OF_PAYMENT,Terms Of Payment,,,,,,R,ERP,,2014.12.23 00:00:00
LKP_TEXT_ID_GRPS_TEXT_PROC,Text Idgroups Text Processing,,,,,,R,ERP,,2014.12.23 00:00:00
LKP_TIME_ZONE,Time Zone,,,,,,R,ERP,,2014.12.23 00:00:00
LKP_TOLERANCE_GROUP,Tolerances For Grp Of Customers Or Vendors,,,,,,R,ERP,,2014.12.23 00:00:00
LKP_TOLERANCE_GRP_IV,Vendor Specific Param For Invoice Verification,,,,,,R,ERP,,2014.12.23 00:00:00
LKP_TOLERANCE_KEY_CHARS,Dflts For Trgt Val And Tolerances For Chars,,,,,,R,ERP,,2014.12.23 00:00:00
LKP_TOTAL_CHANGE_PROFILE_OCM,Total Change Profile For Order Change Mgmt,,,,,,R,ERP,,2014.12.23 00:00:00
LKP_TRANSPORT_CHAIN_HEADER,Transportation Chain Header,,,,,,R,ERP,,2014.12.23 00:00:00
LKP_TRANSPORTATION_ZONE,Transportation Zone,,,,,,R,ERP,,2014.12.23 00:00:00
LKP_TYPE_OF_ID,Type Of Id,,,,,,R,ERP,,2014.12.23 00:00:00
LKP_TYPE_OF_TECHNICAL_OBJECT,Type Of Technical Object,,,,,,R,ERP,,2014.12.23 00:00:00
LKP_UNIT_6_CHAR,Unit of measurement (6-char),,,,,,R,ERP,,2014.12.23 00:00:00
LKP_UNIT_OF_MEASURE_GROUP,Unit Of Measure Group,,,,,,R,ERP,,2014.12.23 00:00:00
LKP_UNIT_OF_MEASUREMENT,Unit Of Measurement,,,,,,R,ERP,,2014.12.23 00:00:00
LKP_VALID_CC_CATEGORY,Valid Cccategory,,,,,,R,ERP,,2014.12.23 00:00:00
LKP_VALUATION_ADJUSTMENT_KEY,Valuation Adjustment Key,,,,,,R,ERP,,2014.12.23 00:00:00
LKP_VALUATION_AREA,Valuation Area,,,,,,R,ERP,,2014.12.23 00:00:00
LKP_VALUATION_CLASSES,Valuation Classes,,,,,,R,ERP,,2014.12.23 00:00:00
LKP_VAR_SIZE_ITEM_FORMULAS,Variable Size Item Formulas,,,,,,R,ERP,,2014.12.23 00:00:00
LKP_VARIANCE_KEY_COSTING,Variance Keys Cost Centerscosting,,,,,,R,ERP,,2014.12.23 00:00:00
LKP_VENDOR,Vendor Master (General Section),,,,,,R,ERP,,2014.12.23 00:00:00
LKP_VENDOR_ACCOUNT_GROUP,Vendor Account Group,,,,,,R,ERP,,2014.12.23 00:00:00
LKP_VENDOR_ACCOUNT_NUMBER,Vendor Account Number,,,,,,R,ERP,,2014.12.23 00:00:00
LKP_VENDOR_QM_SYSTEM,Vendor Qmsystem,,,,,,R,ERP,,2014.12.23 00:00:00
LKP_VENDOR_SUBRANGE,Vendor Subrange,,,,,,R,ERP,,2014.12.23 00:00:00
LKP_VERSION_INDEPENDENT_REQMT,Version number for independent requirements,,,,,,R,ERP,,2014.12.23 00:00:00
LKP_W_TAX_CODE,Withholding tax code (enhanced functions),,,,,,R,ERP,,2014.12.23 00:00:00
LKP_WAGE_GROUP_QUALIFICATION,Wage Group Qualification,,,,,,R,ERP,,2014.12.23 00:00:00
LKP_WAGE_GROUPS,Wage Groups,,,,,,R,ERP,,2014.12.23 00:00:00
LKP_WAREHOUSE_MATERIAL_GROUP,Warehouse Material Group,,,,,,R,ERP,,2014.12.23 00:00:00
LKP_WAREHOUSE_NUMBERS,Warehouse Numbers,,,,,,R,ERP,,2014.12.23 00:00:00
LKP_WBS_ELEMENT_MASTER_DATA,Wbselement Master Data,,,,,,R,ERP,,2014.12.23 00:00:00
LKP_WBS_SCHED_PROF,Control Parameters For Wbsscheduling,,,,,,R,ERP,,2014.12.23 00:00:00
LKP_WEIGHTING_OF_CHAR,Weighting Of The Char,,,,,,R,ERP,,2014.12.23 00:00:00
LKP_WH_COSTS_MRP_LOT_SIZE,Warehouse Costs For Mrp Lot Size,,,,,,R,ERP,,2014.12.23 00:00:00
LKP_WH_STOR_COND,Warehouse Storage Condition,,,,,,R,ERP,,2014.12.23 00:00:00
LKP_WH_TAX_COUNTRY_KEYS,Withholding Tax Country Key,,,,,,R,ERP,,2014.12.23 00:00:00
LKP_WITHHLD_TAX_TYPE,Withholding tax types,,,,,,R,ERP,,2014.12.23 00:00:00
LKP_WITHHOLDING_TAX_CODE,Withholding Tax Code,,,,,,R,ERP,,2014.12.23 00:00:00
LKP_WORK_CENTER,Work Center,,,,,,R,ERP,,2014.12.23 00:00:00
LKP_WORK_CENTER_CAT,Work Center Cat,,,,,,R,ERP,,2014.12.23 00:00:00
LKP_WORK_OWNER_LOCATION,Work Owner Location ,,,,,,R,ERP,,2014.12.23 00:00:00
LKP_PLANNING_STRATEGY,Planning Strategy,,,,,,R,ERP,,2017.08.01 13:19:565
LKP_MPLA_CATEGRORY,Maintenance plan category,,,,,,R,ERP,,2017.08.01 13:19:565
LKP_MPLA_ACTIVITY_TYPE,Maintenance activity types,,,,,,R,ERP,,2017.08.01 13:19:565
LKP_NOTIFICATION_TYPE,Notification Type,,,,,,R,ERP,,2017.08.01 13:19:565
LKP_GL_ACCOUNT_GRP,G/L account groups,,,,,,R,ERP,,2017.08.01 13:19:565
LKP_FIELD_STATUS_GROUP,Field Status Group,,,,,,R,ERP,,2017.08.01 13:19:565
LKP_MAINTENANCE_STRATEGY,Maintenance strategy,,,,,,R,ERP,,2017.08.01 13:19:565
LKP_DME_INDICATOR,DME Indicator,,,,,,R,ERP,,2018.06.12 16:30:3022
LKP_CRT_NUMBER,CRT Number,,,,,,R,ERP,,2018.06.12 16:30:3022
LKP_CNAE,CNAE,,,,,,R,ERP,,2018.06.12 16:30:3022
LKP_COMPANY_SIZE,Company Size,,,,,,R,ERP,,2018.06.12 16:30:3022
LKP_DECLARATION_REGIMEN,Declaration Regimen for PIS/COFINS,,,,,,R,ERP,,2018.06.12 16:30:3022
LKP_ICMS_TAXPAYER,ICMS Taxpayer,,,,,,R,ERP,,2018.06.12 16:30:3022
LKP_INDUSTRY_MAIN_TYPE,Industry Main Type,,,,,,R,ERP,,2018.06.12 16:30:3022
LKP_LEGAL_NATURE,Legal Nature,,,,,,R,ERP,,2018.06.12 16:30:3022
LKP_TAX_DECLARATION_TYPE,Tax Declaration Type,,,,,,R,ERP,,2018.06.12 16:30:3022
LKP_GENERAL_CUSTOMER_MASTER,General Data in Customer Master,,,,,,R,ERP,,2018.06.12 16:30:3022
LKP_PARTIAL_DEV_CONTROL,Partial-delivery control for item,,,,,,R,ERP,,2018.06.12 16:30:3022
LKP_INSTRUCTION_KEYS,Instruction keys,,,,,,R,ERP,,2018.06.12 16:30:3022
LKP_BP_LEGAL_ENTITY,BP Legal Entity,,,,,,R,ERP,,2018.06.12 16:30:3022
LKP_PAYMT_CARDS_TYPE,BP Payment Cards Type,,,,,,R,ERP,,2018.06.12 16:30:3022
LKP_BP_BLK_REAS_PAY_CARD,BP: Blocking Reason for Payment Cards,,,,,,R,ERP,,2018.06.12 16:30:3022
LKP_BUSINESS_PARTNER_ROLES,Business Partner Roles,,,,,,R,ERP,,2018.06.12 16:30:3022
LKP_INCOTERMS_VERS,Incoterms Versions,,,,,,R,ERP,,2018.06.12 16:30:3022
LKP_CRM_BP_ID_CATEG,Identification Type,,,,,,R,ERP,,2018.06.12 16:30:3022
LKP_RULE_CREDIT_CHECK,Rule for Credit Check,,,,,,R,ERP,,2019.06.12 16:30:3022
LKP_RULE_SCORE_CREDIT_LIMIT,Rule Calculating Score and Credit Limit,,,,,,R,ERP,,2019.06.12 16:30:3022
LKP_RISK_CLASS,Risk Class,,,,,,R,ERP,,2019.06.12 16:30:3022
LKP_CUSTOMER_CREDIT_GROUP,Customer Credit Group,,,,,,R,ERP,,2019.06.12 16:30:3022
LKP_CREDIT_SEGMENT,Credit Segment,,,,,,R,ERP,,2019.06.12 16:30:3022
LKP_REASON_BLOCK_CREDIT_MGT,Reason for Block in Credit Management,,,,,,R,ERP,,2019.06.12 16:30:3022
